Window_Size,N_Peaks,Overlap,Skip_First_K_Freqs,Selection_Method,Significance,Median_Hits_Top_Score,Average_Hits,Self_Matches,Unique_Self_Matches,Mean_F1_Score,Mean_Precision,Mean_Liberal_F1_Score,Mean_Liberal_Precision,Mean_Sharpness,DB_Size_MB,Runtime_find-matches,Runtime_create-db
40,5,20,3,deviation,0.001,34,48.33,3,1,0.186142,0.177116,0.26919,0.361529,0.222222,0.82,00:23,1:11:52
40,0,20,3,deviation,0.001,34,48.33,3,1,0.186142,0.177116,0.26919,0.361529,0.222222,0.98,00:22,1:12:04
40,3,20,3,deviation,0.001,34,48.33,3,1,0.186142,0.177116,0.26919,0.361529,0.222222,0.75,00:24,1:11:19
30,5,15,3,deviation,0.001,5,18.17,6,3,0.165806,0.111969,0.254913,0.260337,0.361111,0.79,00:25,1:14:34
30,3,15,3,deviation,0.001,5,18.17,6,3,0.165806,0.111969,0.254913,0.260337,0.361111,0.73,00:25,1:15:50
30,0,15,3,deviation,0.001,5,18.17,6,3,0.165806,0.111969,0.254913,0.260337,0.361111,0.83,00:25,1:15:11
50,0,38,3,deviation,0.001,8,37.08,13,1,0.153129,0.112647,0.202836,0.169614,0.134615,6.23,00:26,1:19:55
50,3,38,3,deviation,0.001,8,37.08,13,1,0.153129,0.112647,0.202836,0.169614,0.134615,1.32,00:27,1:20:40
50,5,38,3,deviation,0.001,8,37.08,13,1,0.153129,0.112647,0.202836,0.169614,0.134615,2.10,00:29,1:20:06
40,5,30,3,deviation,0.001,22,37.5,6,0,0.149053,0.111477,0.231904,0.22914,0.111111,1.06,00:29,1:25:46
40,0,30,3,deviation,0.001,22,37.5,6,0,0.149053,0.111477,0.231904,0.22914,0.111111,1.69,00:28,1:25:29
40,3,30,3,deviation,0.001,22,37.5,6,0,0.149053,0.111477,0.231904,0.22914,0.111111,0.85,00:29,1:25:26
50,0,25,3,deviation,0.001,7,14.62,8,1,0.145623,0.134237,0.180082,0.246087,0.09375,1.08,00:31,1:07:19
50,3,25,3,deviation,0.001,7,14.62,8,1,0.145623,0.134237,0.180082,0.246087,0.09375,0.77,00:23,1:05:22
50,5,25,3,deviation,0.001,7,14.62,8,1,0.145623,0.134237,0.180082,0.246087,0.09375,0.85,00:24,1:05:09
30,3,23,3,deviation,0.001,13.5,28.75,8,2,0.114774,0.0732913,0.174791,0.137621,0.28125,0.90,00:32,1:35:30
30,0,23,3,deviation,0.001,13.5,28.75,8,2,0.114774,0.0732913,0.174791,0.137621,0.28125,1.40,00:33,1:37:03
30,5,23,3,deviation,0.001,13.5,28.75,8,2,0.114774,0.0732913,0.174791,0.137621,0.28125,1.20,00:34,1:36:22
40,0,30,3,deviation,0.01,23,63.27,41,7,0.0592193,0.0373574,0.110429,0.07982,0.148822,1.79,00:31,1:25:35
40,3,30,3,deviation,0.01,23,63.27,41,7,0.0592193,0.0373574,0.110429,0.07982,0.148669,0.95,00:31,1:26:38
40,5,30,3,deviation,0.01,23,63.27,41,7,0.0592193,0.0373574,0.110429,0.07982,0.148822,1.16,00:30,1:25:26
40,5,20,3,deviation,0.01,27,53.17,23,7,0.0566794,0.0340511,0.107413,0.092229,0.212077,0.87,00:24,1:11:57
40,0,20,3,deviation,0.01,27,53.17,23,7,0.0566794,0.0340511,0.107413,0.092229,0.212077,1.03,00:23,1:10:28
40,3,20,3,deviation,0.01,27,53.17,23,7,0.0566794,0.0340511,0.107413,0.092229,0.212077,0.80,00:23,1:11:28
50,5,38,3,deviation,0.01,28,117.89,53,11,0.0456447,0.0346063,0.0785571,0.0875934,0.142657,2.25,00:28,1:20:56
50,0,38,3,deviation,0.01,28,117.89,53,11,0.0456447,0.0346063,0.0785591,0.0875945,0.142657,6.38,00:31,1:20:36
50,3,38,3,deviation,0.01,28,117.89,53,11,0.0456447,0.0346063,0.0785845,0.0876073,0.142657,1.47,00:39,1:20:55
30,0,15,0,deviation,0.001,133,178.76,25,3,0.0451994,0.0297204,0.0734663,0.0700392,0.0866667,0.89,00:27,1:14:53
30,0,15,2,deviation,0.001,135,179.48,25,3,0.0451994,0.0297204,0.0734126,0.0700065,0.0866667,0.89,00:26,1:14:56
30,3,15,2,deviation,0.001,135,179.48,25,3,0.0451994,0.0297204,0.0734126,0.0700065,0.0866667,0.79,00:25,1:13:46
30,3,15,1,deviation,0.001,133,178.76,25,3,0.0451994,0.0297204,0.0734663,0.0700392,0.0866667,0.79,00:26,1:14:03
30,3,15,0,deviation,0.001,133,178.76,25,3,0.0451994,0.0297204,0.0734663,0.0700392,0.0866667,0.79,00:26,1:15:17
30,5,15,0,deviation,0.001,133,178.76,25,3,0.0451994,0.0297204,0.0734663,0.0700392,0.0866667,0.86,00:28,1:13:59
30,5,15,2,deviation,0.001,135,179.48,25,3,0.0451994,0.0297204,0.0734126,0.0700065,0.0866667,0.85,00:27,1:14:32
30,5,15,1,deviation,0.001,133,178.76,25,3,0.0451994,0.0297204,0.0734663,0.0700392,0.0866667,0.86,00:28,1:14:16
30,0,15,1,deviation,0.001,133,178.76,25,3,0.0451994,0.0297204,0.0734663,0.0700392,0.0866667,0.89,00:28,1:14:56
50,3,25,3,deviation,0.01,48,76.34,32,5,0.0430062,0.0283366,0.0710659,0.056854,0.126736,0.84,00:24,1:06:34
50,5,25,3,deviation,0.01,48,76.34,32,5,0.0430062,0.0283366,0.0710659,0.056854,0.126736,0.92,00:24,1:05:38
50,0,25,3,deviation,0.01,48,76.34,32,5,0.0430062,0.0283366,0.0710659,0.056854,0.126736,1.15,00:24,1:06:37
30,0,15,3,deviation,0.01,39,90.65,23,3,0.0403113,0.0255323,0.0726837,0.0515032,0.108937,0.87,00:24,1:14:56
30,5,15,3,deviation,0.01,39,90.65,23,3,0.0403113,0.0255323,0.0726837,0.0515032,0.108937,0.83,00:26,1:15:49
30,3,15,3,deviation,0.01,39,90.65,23,3,0.0403113,0.0255323,0.0726837,0.0515032,0.108937,0.77,00:24,1:14:52
30,0,23,3,deviation,0.01,27,83.68,44,15,0.0321979,0.0251116,0.0516764,0.0373582,0.222152,1.49,00:34,1:35:44
30,3,23,3,deviation,0.01,27,83.68,44,15,0.0321979,0.0251116,0.0516764,0.0373582,0.222152,0.99,00:33,1:35:35
30,5,23,3,deviation,0.01,27,83.68,44,15,0.0321979,0.0251116,0.0516764,0.0373582,0.222152,1.29,00:35,1:35:59
40,3,20,2,deviation,0.001,143,212.33,21,3,0.0292967,0.0266612,0.0462197,0.0555933,0.0621693,0.85,00:25,1:11:02
40,5,20,2,deviation,0.001,143,212.33,21,3,0.0292967,0.0266612,0.0462197,0.0555933,0.0621693,0.92,00:23,1:11:08
40,0,20,2,deviation,0.001,143,212.33,21,3,0.0292967,0.0266612,0.0462197,0.0555933,0.0621693,1.08,00:25,1:10:59
40,0,20,0,deviation,0.001,110,204.95,21,4,0.0292498,0.0266374,0.0468369,0.0559174,0.0978836,1.08,00:26,1:10:22
40,3,20,0,deviation,0.001,110,204.95,21,4,0.0292498,0.0266374,0.0468369,0.0559174,0.0978836,0.85,00:24,1:10:19
40,3,20,1,deviation,0.001,110,204.95,21,4,0.0292498,0.0266374,0.0468369,0.0559174,0.0978836,0.85,00:23,1:10:57
40,5,20,1,deviation,0.001,110,204.95,21,4,0.0292498,0.0266374,0.0468369,0.0559174,0.0978836,0.92,00:24,1:10:58
40,0,20,1,deviation,0.001,110,204.95,21,4,0.0292498,0.0266374,0.0468369,0.0559174,0.0978836,1.08,00:26,1:09:48
40,5,20,0,deviation,0.001,110,204.95,21,4,0.0292498,0.0266374,0.0468369,0.0559174,0.0978836,0.92,00:26,1:11:06
40,5,10,3,deviation,0.01,14151,10201.7,93,9,0.0281987,0.0276281,0.0415213,0.0446091,0.0347794,5.06,01:09,1:06:22
40,3,10,3,deviation,0.01,14151,10201.7,93,9,0.0281987,0.0276281,0.041522,0.0446094,0.035816,3.49,01:04,1:06:21
40,0,10,3,deviation,0.01,14151,10201.7,93,9,0.0281987,0.0276281,0.0415223,0.0446096,0.0340678,8.39,01:16,1:05:45
50,5,25,0,deviation,0.001,49,216.27,56,6,0.0170364,0.0154651,0.0253661,0.0328805,0.0519451,1.01,00:26,1:05:04
50,3,25,0,deviation,0.001,49,216.27,56,6,0.0170364,0.0154651,0.0253661,0.0328805,0.0519451,0.92,00:27,1:06:42
50,5,25,1,deviation,0.001,49,216.27,56,6,0.0170364,0.0154651,0.0253661,0.0328805,0.0519451,1.01,00:28,1:06:05
50,0,25,1,deviation,0.001,49,216.27,56,6,0.0170364,0.0154651,0.0253661,0.0328805,0.0519451,1.25,00:27,1:05:53
50,0,25,0,deviation,0.001,49,216.27,56,6,0.0170364,0.0154651,0.0253661,0.0328805,0.0519451,1.25,00:29,1:06:04
50,3,25,1,deviation,0.001,49,216.27,56,6,0.0170364,0.0154651,0.0253661,0.0328805,0.0519451,0.92,00:27,1:05:46
50,5,25,2,deviation,0.001,49,219.8,55,6,0.0168034,0.0154622,0.0233468,0.0319302,0.0528896,1.01,00:28,1:07:41
50,0,25,2,deviation,0.001,49,219.8,55,6,0.0168034,0.0154622,0.0233468,0.0319302,0.0528896,1.25,00:27,1:06:09
50,3,25,2,deviation,0.001,49,219.8,55,6,0.0168034,0.0154622,0.0233468,0.0319302,0.0528896,0.92,00:28,1:06:49
50,3,13,3,deviation,0.01,13828,9725.27,84,1,0.0159766,0.0103685,0.0336294,0.0334757,0.010582,3.50,00:56,1:05:16
50,5,13,3,deviation,0.01,13828,9725.27,84,1,0.0159766,0.0103685,0.0336297,0.0334759,0.010582,5.12,00:57,1:03:54
50,0,13,3,deviation,0.01,13828,9725.27,84,1,0.0159766,0.0103685,0.0336293,0.0334757,0.010582,10.44,01:16,1:05:11
40,3,10,1,deviation,0.01,136,2715.65,125,17,0.0154512,0.0108249,0.0259838,0.0230235,0.0501237,3.92,01:08,1:05:49
40,5,10,0,deviation,0.01,136,2715.65,125,17,0.0154512,0.0108249,0.0259825,0.0230228,0.0488353,5.64,01:13,1:07:13
40,5,10,1,deviation,0.01,136,2715.65,125,17,0.0154512,0.0108249,0.0259825,0.0230228,0.0488353,5.64,01:14,1:07:49
40,3,10,0,deviation,0.01,136,2715.65,125,17,0.0154512,0.0108249,0.0259838,0.0230235,0.0501237,3.92,01:06,1:06:07
40,0,10,1,deviation,0.01,136,2715.65,125,17,0.0154511,0.0108249,0.0259906,0.0230269,0.0479447,9.26,01:21,1:07:04
40,0,10,0,deviation,0.01,136,2715.65,125,17,0.0154511,0.0108249,0.0259906,0.0230269,0.0479447,9.26,01:19,1:05:48
40,5,10,2,deviation,0.01,183,2846.76,123,15,0.0153632,0.0108241,0.025677,0.0230939,0.0492056,5.64,01:13,1:07:10
40,3,10,2,deviation,0.01,183,2846.76,123,15,0.0153632,0.0108241,0.0256871,0.023099,0.050243,3.92,01:09,1:06:17
40,0,10,2,deviation,0.01,183,2846.76,123,15,0.0153632,0.010824,0.0256755,0.0230931,0.0484864,9.25,01:21,1:07:21
40,3,20,0,deviation,0.01,15,121.01,80,24,0.0153074,0.00928236,0.0308766,0.0274652,0.148539,1.23,00:36,1:11:22
40,5,20,0,deviation,0.01,15,121.01,80,24,0.0153074,0.00928236,0.0308793,0.0274666,0.148539,1.31,00:36,1:10:52
40,3,20,1,deviation,0.01,15,121.01,80,24,0.0153074,0.00928236,0.0308766,0.0274652,0.148539,1.23,00:36,1:10:10
40,5,20,1,deviation,0.01,15,121.01,80,24,0.0153074,0.00928236,0.0308793,0.0274666,0.148539,1.31,00:36,1:09:29
40,0,20,0,deviation,0.01,15,121.01,80,24,0.0153074,0.00928236,0.0308782,0.027466,0.148539,1.48,00:36,1:10:36
40,0,20,1,deviation,0.01,15,121.01,80,24,0.0153074,0.00928236,0.0308782,0.027466,0.148539,1.48,00:36,1:09:46
40,3,20,2,deviation,0.01,14,124.19,77,23,0.0152932,0.00932523,0.0308076,0.0277754,0.149651,1.22,00:36,1:11:16
40,0,20,2,deviation,0.01,14,124.19,77,23,0.0152932,0.00932523,0.0308025,0.0277728,0.149651,1.48,00:35,1:10:15
40,5,20,2,deviation,0.01,14,124.19,77,23,0.0152932,0.00932523,0.0308037,0.0277734,0.149651,1.30,00:36,1:10:27
40,5,20,3,deviation,0.1,4,75.29,129,53,0.0136985,0.00760113,0.0275943,0.0167404,0.331805,1.28,00:27,1:11:19
40,0,20,3,deviation,0.1,4,75.29,129,53,0.0136985,0.00760113,0.0275943,0.0167404,0.331805,1.44,00:30,1:09:56
40,3,20,3,deviation,0.1,4,75.29,129,53,0.0136985,0.00760113,0.0275943,0.0167404,0.331805,1.21,00:32,1:11:07
30,0,15,3,deviation,0.1,13,131.85,115,45,0.0121787,0.00759899,0.0220699,0.0143177,0.287477,1.19,00:29,1:14:17
30,5,15,3,deviation,0.1,13,131.85,115,45,0.0121787,0.00759899,0.0220699,0.0143177,0.287477,1.15,00:30,1:16:23
30,3,15,3,deviation,0.1,13,131.85,115,45,0.0121787,0.00759899,0.0220699,0.0143177,0.287477,1.08,00:29,1:14:36
30,3,8,3,deviation,0.01,13047,9792.47,88,6,0.0118435,0.00674754,0.0207373,0.0135974,0.0182274,3.21,01:04,1:11:08
30,5,8,3,deviation,0.01,13048,9793.22,88,6,0.0118435,0.00674754,0.0207202,0.013588,0.0176099,4.58,01:13,1:09:32
30,0,8,3,deviation,0.01,13048,9793.22,88,6,0.0118435,0.00674754,0.0207198,0.0135878,0.0174529,5.28,01:10,1:10:52
30,5,8,3,deviation,0.001,13667,12768.6,76,1,0.011632,0.00792026,0.0211953,0.0249901,0.00986842,4.54,01:03,1:11:20
30,0,8,3,deviation,0.001,13667,12768.6,76,1,0.011632,0.00792026,0.0211953,0.0249902,0.00986842,5.24,01:06,1:10:40
30,3,8,3,deviation,0.001,13667,12768.6,76,1,0.011632,0.00792026,0.0211953,0.0249902,0.00986842,3.17,00:59,1:10:55
40,0,10,3,deviation,0.1,19,2175.92,150,46,0.0113135,0.00677754,0.0218906,0.0133948,0.137842,8.83,01:21,1:06:03
40,3,10,3,deviation,0.1,19,2175.92,150,46,0.0113133,0.00677743,0.0218872,0.0133931,0.145413,3.80,01:05,1:06:47
40,5,10,3,deviation,0.1,19,2175.92,150,46,0.0113133,0.00677742,0.0218893,0.0133942,0.140988,5.42,01:09,1:07:04
50,3,13,3,deviation,0.1,7,1508.08,159,56,0.0111766,0.00786451,0.0204212,0.0135323,0.208283,3.93,01:03,1:03:39
50,5,13,3,deviation,0.1,7,1508.08,159,56,0.0111762,0.00786428,0.0204234,0.0135334,0.205701,5.61,01:08,1:04:57
50,0,13,3,deviation,0.1,7,1508.08,159,56,0.0111759,0.00786415,0.020427,0.0135351,0.203449,11.13,01:18,1:05:09
30,3,8,1,deviation,0.001,12109,9124,84,2,0.01114,0.0074778,0.0210433,0.0236156,0.0093126,3.24,01:01,1:10:45
30,0,8,1,deviation,0.001,12109,9124,84,2,0.01114,0.0074778,0.021046,0.023617,0.00912373,5.33,01:10,1:11:00
30,0,8,0,deviation,0.001,12109,9124,84,2,0.01114,0.0074778,0.021046,0.023617,0.00912373,5.33,01:13,1:11:20
30,5,8,1,deviation,0.001,12109,9124,84,2,0.01114,0.0074778,0.0210443,0.0236161,0.009162,4.62,01:08,1:09:39
30,5,8,0,deviation,0.001,12109,9124,84,2,0.01114,0.0074778,0.0210443,0.0236161,0.009162,4.62,01:15,1:09:48
30,3,8,2,deviation,0.001,12139,9146.65,84,2,0.01114,0.0074778,0.0210418,0.0236149,0.0093126,3.23,01:01,1:10:01
30,5,8,2,deviation,0.001,12139,9146.65,84,2,0.01114,0.0074778,0.0210423,0.0236151,0.009162,4.62,01:04,1:10:54
30,3,8,0,deviation,0.001,12109,9124,84,2,0.01114,0.0074778,0.0210433,0.0236156,0.0093126,3.24,01:02,1:11:00
30,0,8,2,deviation,0.001,12139,9146.65,84,2,0.01114,0.0074778,0.0210422,0.0236151,0.00912373,5.33,01:06,1:11:07
50,3,25,3,deviation,0.1,2,43.72,146,64,0.0110296,0.00621732,0.0275676,0.016764,0.36364,1.35,00:29,1:06:54
50,0,25,3,deviation,0.1,2,43.72,146,64,0.0110295,0.0062173,0.0275653,0.0167628,0.36364,1.68,00:35,1:07:16
50,5,25,3,deviation,0.1,2,43.72,146,64,0.0110295,0.0062173,0.0275658,0.0167631,0.36364,1.44,00:28,1:05:16
30,0,15,0,deviation,0.01,29,177.65,74,16,0.010417,0.00602755,0.0177294,0.010823,0.119169,1.13,00:31,1:15:23
30,0,15,1,deviation,0.01,29,177.65,74,16,0.010417,0.00602755,0.0177294,0.010823,0.119169,1.13,00:33,1:15:05
30,3,15,1,deviation,0.01,29,177.65,74,16,0.010417,0.00602755,0.0177294,0.010823,0.119169,1.02,00:31,1:15:19
30,5,15,0,deviation,0.01,29,177.65,74,16,0.010417,0.00602755,0.0177294,0.010823,0.119169,1.09,00:34,1:14:44
30,5,15,1,deviation,0.01,29,177.65,74,16,0.010417,0.00602755,0.0177294,0.010823,0.119169,1.09,00:35,1:15:39
30,3,15,0,deviation,0.01,29,177.65,74,16,0.010417,0.00602755,0.0177294,0.010823,0.119169,1.02,00:32,1:15:22
30,5,23,1,deviation,0.001,722,980.22,83,9,0.010204,0.0063525,0.015474,0.012584,0.0726238,1.41,00:42,1:35:34
30,0,23,1,deviation,0.001,722,980.22,83,9,0.010204,0.0063525,0.015474,0.012584,0.0726238,1.60,00:42,1:35:16
30,0,23,0,deviation,0.001,722,980.22,83,9,0.010204,0.0063525,0.015474,0.012584,0.0726238,1.60,00:43,1:36:06
30,3,23,0,deviation,0.001,722,980.22,83,9,0.010204,0.0063525,0.015474,0.012584,0.0726238,1.11,00:42,1:37:33
30,3,23,1,deviation,0.001,722,980.22,83,9,0.010204,0.0063525,0.015474,0.012584,0.0726238,1.11,00:43,1:36:18
30,5,23,0,deviation,0.001,722,980.22,83,9,0.010204,0.0063525,0.015474,0.012584,0.0726238,1.41,00:43,1:34:55
30,3,23,2,deviation,0.001,726,985.37,83,9,0.0102035,0.00635227,0.0154103,0.0125483,0.0726238,1.11,00:42,1:35:30
30,0,23,2,deviation,0.001,726,985.37,83,9,0.0102035,0.00635227,0.0154103,0.0125483,0.0726238,1.60,00:44,1:36:39
30,5,23,2,deviation,0.001,726,985.37,83,9,0.0102035,0.00635227,0.0154103,0.0125483,0.0726238,1.41,00:42,1:37:25
30,3,8,0,deviation,0.01,442,3839.09,111,9,0.00980543,0.00556994,0.0176369,0.0114257,0.0264825,3.45,01:05,1:12:00
30,3,8,1,deviation,0.01,442,3839.09,111,9,0.00980543,0.00556994,0.0176369,0.0114257,0.0264825,3.45,01:03,1:09:52
30,0,8,1,deviation,0.01,442,3839.51,111,9,0.00980543,0.00556994,0.0176385,0.0114265,0.0257766,5.62,01:13,1:12:23
30,5,8,0,deviation,0.01,442,3839.51,111,9,0.00980543,0.00556994,0.0176388,0.0114266,0.02592,4.89,01:07,1:09:32
30,5,8,1,deviation,0.01,442,3839.51,111,9,0.00980543,0.00556994,0.0176388,0.0114266,0.02592,4.89,01:10,1:10:03
30,0,8,0,deviation,0.01,442,3839.51,111,9,0.00980543,0.00556994,0.0176385,0.0114265,0.0257766,5.62,01:11,1:11:02
30,3,8,2,deviation,0.01,453,3946.5,109,9,0.0097174,0.00552853,0.017433,0.0113243,0.0255031,3.44,01:04,1:10:15
30,5,8,2,deviation,0.01,453,3946.93,109,9,0.0097174,0.00552853,0.0174309,0.0113232,0.0249302,4.88,01:12,1:09:22
30,0,8,2,deviation,0.01,453,3946.93,109,9,0.0097174,0.00552853,0.017431,0.0113233,0.0247842,5.61,01:12,1:10:54
30,3,15,2,deviation,0.01,24,183.28,71,15,0.00886052,0.00497204,0.0160189,0.00928552,0.119509,1.01,00:33,1:15:26
30,5,15,2,deviation,0.01,24,183.28,71,15,0.00886052,0.00497204,0.0160189,0.00928552,0.119509,1.08,00:37,1:14:56
30,0,15,2,deviation,0.01,24,183.28,71,15,0.00886052,0.00497204,0.0160189,0.00928552,0.119509,1.12,00:32,1:15:21
50,5,13,0,deviation,0.01,63,1767.87,135,10,0.00864433,0.00552655,0.0183101,0.0174801,0.0310862,5.87,01:07,1:04:07
50,5,13,1,deviation,0.01,63,1767.87,135,10,0.00864433,0.00552655,0.0183101,0.0174801,0.0310862,5.87,01:09,1:04:56
50,3,13,1,deviation,0.01,63,1767.87,135,10,0.00864433,0.00552655,0.0183022,0.017476,0.0314985,4.08,01:06,1:03:42
50,3,13,0,deviation,0.01,63,1767.87,135,10,0.00864433,0.00552655,0.0183022,0.017476,0.0314985,4.08,01:08,1:06:17
50,0,13,0,deviation,0.01,63,1767.87,135,10,0.00864431,0.00552654,0.0183162,0.0174831,0.0307397,11.70,01:27,1:05:18
50,0,13,1,deviation,0.01,63,1767.87,135,10,0.00864431,0.00552654,0.0183162,0.0174831,0.0307397,11.70,01:26,1:05:58
50,3,13,2,deviation,0.01,65,1792.46,134,8,0.00855309,0.0054883,0.0180144,0.0173793,0.0287039,4.08,01:07,1:05:31
50,5,13,2,deviation,0.01,65,1792.46,134,8,0.00855309,0.0054883,0.0180057,0.0173748,0.0284228,5.86,01:08,1:04:28
50,0,13,2,deviation,0.01,65,1792.46,134,8,0.00855307,0.00548829,0.0180248,0.0173846,0.0281865,11.69,01:25,1:05:35
50,3,25,0,deviation,0.01,3,80.99,109,43,0.00828467,0.00560452,0.0155474,0.0119436,0.162995,1.49,01:01,1:06:50
50,3,25,1,deviation,0.01,3,80.99,109,43,0.00828467,0.00560452,0.0155474,0.0119436,0.162995,1.49,00:55,1:06:09
50,5,25,0,deviation,0.01,3,80.99,109,43,0.00828467,0.00560452,0.0155499,0.0119449,0.162995,1.59,00:56,1:05:45
50,0,25,0,deviation,0.01,3,80.99,109,43,0.00828467,0.00560452,0.0155472,0.0119435,0.162995,1.87,00:55,1:05:17
50,0,25,1,deviation,0.01,3,80.99,109,43,0.00828467,0.00560452,0.0155472,0.0119435,0.162995,1.87,01:04,1:07:06
50,5,25,1,deviation,0.01,3,80.99,109,43,0.00828467,0.00560452,0.0155499,0.0119449,0.162995,1.59,00:56,1:05:43
50,3,25,2,deviation,0.01,3,81.77,108,43,0.00827097,0.00561055,0.01512,0.0117339,0.160594,1.49,00:55,1:05:36
50,5,25,2,deviation,0.01,3,81.77,108,43,0.00827097,0.00561055,0.0151195,0.0117337,0.160594,1.59,01:01,1:06:51
50,0,25,2,deviation,0.01,3,81.77,108,43,0.00827097,0.00561055,0.0151169,0.0117324,0.160594,1.87,01:00,1:06:00
30,3,8,3,deviation,0.1,33.5,2065.27,144,43,0.00685728,0.00367962,0.0159944,0.0137827,0.145037,3.45,00:59,1:10:33
30,5,8,3,deviation,0.1,33.5,2065.5,144,43,0.00685728,0.00367962,0.0159827,0.0137756,0.141527,4.85,01:06,1:09:46
30,0,8,3,deviation,0.1,33.5,2065.27,144,43,0.00685716,0.00367957,0.0159594,0.0137633,0.140603,5.56,01:09,1:10:52
40,3,30,3,deviation,0.1,1,38.96,164,103,0.00672816,0.00360945,0.0149126,0.00860132,0.505651,1.76,00:44,1:25:38
40,0,30,3,deviation,0.1,1,38.96,164,103,0.00672816,0.00360945,0.0149126,0.00860129,0.505651,2.60,00:44,1:25:11
40,5,30,3,deviation,0.1,1,38.96,164,103,0.00672816,0.00360945,0.0149125,0.00860128,0.505651,1.97,00:45,1:25:38
40,0,10,2,deviation,0.1,2,240.56,175,85,0.00663661,0.00419005,0.011975,0.00775476,0.177798,11.19,01:44,1:06:39
40,3,10,2,deviation,0.1,2,240.56,175,85,0.00663643,0.00418996,0.0119485,0.00774038,0.18583,5.01,01:41,1:07:16
40,5,10,2,deviation,0.1,2,240.56,175,85,0.0066364,0.00418994,0.0119703,0.00775238,0.181117,7.01,01:34,1:07:25
30,3,23,3,deviation,0.1,1,61.08,167,91,0.00662189,0.00378127,0.0136039,0.00847063,0.422502,1.70,00:56,1:36:38
30,0,23,3,deviation,0.1,1,61.08,167,91,0.00662189,0.00378127,0.013605,0.00847117,0.422502,2.20,00:53,1:36:46
30,5,23,3,deviation,0.1,1,61.08,167,91,0.00662189,0.00378127,0.0136049,0.00847116,0.422502,2.00,00:49,1:36:27
40,0,20,2,deviation,0.1,1,27.72,165,94,0.00600393,0.00328341,0.0122659,0.00743399,0.357981,2.73,01:16,1:11:32
40,5,20,2,deviation,0.1,1,27.72,165,94,0.00600393,0.00328341,0.0122664,0.00743419,0.357981,2.52,01:15,1:11:30
40,3,20,2,deviation,0.1,1,27.72,165,94,0.00600393,0.00328341,0.0122634,0.00743268,0.357981,2.43,01:24,1:11:24
50,3,13,2,deviation,0.001,11448,7371.58,80,0,0.00563216,0.00348007,0.00772339,0.00491855,0.00199652,3.58,01:00,1:04:41
50,5,13,2,deviation,0.001,11448,7371.58,80,0,0.00563216,0.00348007,0.00772402,0.00491886,0.00199652,5.23,00:58,1:03:18
50,0,13,2,deviation,0.001,11448,7371.58,80,0,0.00563216,0.00348007,0.00772405,0.00491888,0.00199652,10.66,01:12,1:08:29
50,5,13,1,deviation,0.001,11436,7363.72,80,1,0.00563215,0.00348007,0.00774163,0.00492836,0.00237245,5.24,00:58,1:04:24
50,5,13,0,deviation,0.001,11436,7363.72,80,1,0.00563215,0.00348007,0.00774163,0.00492836,0.00237245,5.24,00:58,1:04:01
50,0,13,0,deviation,0.001,11436,7363.72,80,1,0.00563215,0.00348007,0.00774002,0.00492755,0.00216953,10.66,01:15,1:05:06
50,0,13,1,deviation,0.001,11436,7363.72,80,1,0.00563215,0.00348007,0.00774002,0.00492755,0.00216953,10.66,01:15,1:04:34
50,3,13,1,deviation,0.001,11436,7363.72,80,1,0.00563215,0.00348007,0.00773953,0.00492731,0.00261371,3.59,00:55,1:05:37
50,3,13,0,deviation,0.001,11436,7363.72,80,1,0.00563215,0.00348007,0.00773953,0.00492731,0.00261371,3.59,00:55,1:04:22
40,0,10,1,deviation,0.1,1,165.91,183,99,0.00555833,0.00356907,0.00916745,0.00593494,0.211879,11.29,01:43,1:06:50
40,0,10,0,deviation,0.1,1,165.91,183,99,0.00555833,0.00356907,0.00916745,0.00593494,0.211879,11.29,01:42,1:07:28
40,3,10,0,deviation,0.1,1,165.91,183,99,0.00555815,0.00356898,0.00916409,0.00593322,0.221567,5.09,01:35,1:06:28
40,3,10,1,deviation,0.1,1,165.91,183,99,0.00555815,0.00356898,0.00916409,0.00593322,0.221567,5.09,01:36,1:07:02
40,5,10,0,deviation,0.1,1,165.91,183,99,0.00555812,0.00356897,0.00916734,0.00593487,0.21609,7.10,01:35,1:08:22
40,5,10,1,deviation,0.1,1,165.91,183,99,0.00555812,0.00356897,0.00916734,0.00593487,0.21609,7.10,01:35,1:06:39
50,3,25,2,deviation,0.1,1,14.27,184,117,0.00553537,0.00333175,0.0115876,0.00840718,0.375855,3.08,02:06,1:07:05
50,5,25,2,deviation,0.1,1,14.27,184,117,0.00553537,0.00333175,0.0115881,0.00840745,0.375855,3.21,02:04,1:06:51
50,0,25,2,deviation,0.1,1,14.27,184,117,0.00553537,0.00333175,0.0115881,0.00840745,0.375553,3.57,01:56,1:07:56
40,5,20,0,deviation,0.1,1,23.74,172,108,0.00547798,0.00300253,0.0112143,0.00688799,0.400926,2.61,01:17,1:10:23
40,0,20,1,deviation,0.1,1,23.74,172,108,0.00547798,0.00300253,0.0112131,0.00688739,0.400926,2.81,01:25,1:10:18
40,3,20,1,deviation,0.1,1,23.74,172,108,0.00547798,0.00300253,0.0112182,0.00689001,0.400926,2.51,01:25,1:11:33
40,3,20,0,deviation,0.1,1,23.74,172,108,0.00547798,0.00300253,0.0112182,0.00689001,0.400926,2.51,01:24,1:11:46
40,0,20,0,deviation,0.1,1,23.74,172,108,0.00547798,0.00300253,0.0112131,0.00688739,0.400926,2.81,01:25,1:10:29
40,5,20,1,deviation,0.1,1,23.74,172,108,0.00547798,0.00300253,0.0112143,0.00688799,0.400926,2.61,01:19,1:10:48
50,3,25,0,deviation,0.1,1,15.52,192,128,0.00476933,0.0029053,0.0102302,0.0076098,0.402861,3.17,02:03,1:06:14
50,3,25,1,deviation,0.1,1,15.52,192,128,0.00476933,0.0029053,0.0102302,0.0076098,0.402861,3.17,02:08,1:06:53
50,5,25,1,deviation,0.1,1,15.52,192,128,0.00476933,0.0029053,0.0102302,0.00760984,0.402861,3.30,01:57,1:07:59
50,5,25,0,deviation,0.1,1,15.52,192,128,0.00476933,0.0029053,0.0102302,0.00760984,0.402861,3.30,01:53,1:08:16
50,0,25,0,deviation,0.1,1,15.52,192,128,0.00476933,0.0029053,0.0102305,0.00761004,0.402861,3.67,02:01,1:06:08
50,0,25,1,deviation,0.1,1,15.52,192,128,0.00476933,0.0029053,0.0102305,0.00761004,0.402861,3.67,02:09,1:06:45
50,3,38,3,deviation,0.1,1,14.18,188,133,0.00470504,0.00242637,0.0110532,0.00581709,0.569073,2.58,01:09,1:21:35
50,5,38,3,deviation,0.1,1,14.18,188,133,0.00470501,0.00242635,0.0110544,0.00581774,0.569073,3.37,00:46,1:20:39
50,0,38,3,deviation,0.1,1,14.18,188,133,0.00470501,0.00242635,0.0110549,0.00581796,0.569073,7.53,00:47,1:21:16
30,3,8,2,deviation,0.1,3,352.39,165,68,0.00427566,0.00226737,0.00977609,0.00542928,0.17109,4.22,01:13,1:11:11
30,5,8,2,deviation,0.1,3,352.48,165,68,0.00427566,0.00226737,0.00980454,0.00544366,0.166565,5.83,01:17,1:11:18
30,0,8,2,deviation,0.1,3,352.39,165,68,0.00427556,0.00226732,0.00979783,0.0054402,0.165383,6.65,01:22,1:11:33
50,3,13,3,deviation,0.001,14518,14064.6,64,0,0.00402247,0.00261152,0.00497212,0.00344166,0,3.45,00:54,1:04:45
50,5,13,3,deviation,0.001,14518,14064.6,64,0,0.00402247,0.00261152,0.00497212,0.00344166,0,5.05,00:58,1:04:59
50,0,13,3,deviation,0.001,14518,14064.6,64,0,0.00402247,0.00261152,0.00497212,0.00344166,0,10.35,01:11,1:05:22
30,5,8,0,deviation,0.1,2,289.76,174,79,0.003752,0.00197649,0.00826854,0.00444047,0.187186,5.89,01:18,1:11:19
30,3,8,0,deviation,0.1,2,289.76,174,79,0.003752,0.00197649,0.00825695,0.00443546,0.191837,4.27,01:14,1:11:07
30,5,8,1,deviation,0.1,2,289.76,174,79,0.003752,0.00197649,0.00826854,0.00444047,0.187186,5.89,01:17,1:09:51
30,3,8,1,deviation,0.1,2,289.76,174,79,0.003752,0.00197649,0.00825695,0.00443546,0.191837,4.27,01:15,1:10:20
30,0,8,0,deviation,0.1,2,289.76,174,79,0.0037519,0.00197644,0.00827005,0.00444108,0.185972,6.71,01:19,1:11:25
30,0,8,1,deviation,0.1,2,289.76,174,79,0.0037519,0.00197644,0.00827005,0.00444108,0.185972,6.71,01:21,1:10:41
30,0,15,2,deviation,0.1,1,49.25,155,87,0.00373083,0.00195942,0.00883947,0.0053195,0.337162,2.01,01:06,1:15:25
30,3,15,2,deviation,0.1,1,49.25,155,87,0.00373083,0.00195942,0.00883925,0.00531938,0.337162,1.89,01:03,1:16:03
30,5,15,2,deviation,0.1,1,49.25,155,87,0.00373083,0.00195942,0.00883861,0.00531906,0.337162,1.96,01:03,1:14:54
30,3,15,0,deviation,0.1,1,41.57,166,96,0.00345333,0.00179577,0.00705642,0.00377315,0.365082,1.95,01:06,1:15:20
30,0,15,0,deviation,0.1,1,41.57,166,96,0.00345333,0.00179577,0.00705441,0.00377213,0.365082,2.07,01:06,1:17:34
30,3,15,1,deviation,0.1,1,41.57,166,96,0.00345333,0.00179577,0.00705642,0.00377315,0.365082,1.95,01:06,1:14:32
30,5,15,1,deviation,0.1,1,41.57,166,96,0.00345333,0.00179577,0.00705455,0.0037722,0.365082,2.03,01:05,1:17:19
30,5,15,0,deviation,0.1,1,41.57,166,96,0.00345333,0.00179577,0.00705455,0.0037722,0.365082,2.03,01:06,1:14:24
30,0,15,1,deviation,0.1,1,41.57,166,96,0.00345333,0.00179577,0.00705441,0.00377213,0.365082,2.07,01:05,1:14:50
40,5,10,2,deviation,0.001,12091,8762.81,89,0,0.00307864,0.00169965,0.00545479,0.0033829,0,5.15,01:10,1:07:01
40,0,10,2,deviation,0.001,12092,8763.56,89,0,0.00307864,0.00169965,0.00545822,0.00338462,0,8.53,01:17,1:05:54
40,3,10,2,deviation,0.001,12091,8762.81,89,0,0.00307864,0.00169965,0.00545635,0.00338368,0,3.55,01:08,1:06:56
40,0,10,0,deviation,0.001,12073,8749.13,89,1,0.00307863,0.00169965,0.00563174,0.0034752,0.000223596,8.53,01:18,1:06:38
40,5,10,0,deviation,0.001,12072,8748.39,89,1,0.00307863,0.00169965,0.00563491,0.00347679,0.0003977,5.15,01:12,1:06:31
40,5,10,1,deviation,0.001,12072,8748.39,89,1,0.00307863,0.00169965,0.00563491,0.00347679,0.0003977,5.15,01:07,1:06:15
40,3,10,0,deviation,0.001,12072,8748.39,89,1,0.00307863,0.00169965,0.00563592,0.00347729,0.000651221,3.55,01:04,1:06:06
40,3,10,1,deviation,0.001,12072,8748.39,89,1,0.00307863,0.00169965,0.00563592,0.00347729,0.000651221,3.55,01:01,1:05:58
40,0,10,1,deviation,0.001,12073,8749.13,89,1,0.00307863,0.00169965,0.00563174,0.0034752,0.000223596,8.53,01:17,1:07:24
40,5,10,3,deviation,0.001,14794,14602,77,0,0.00298726,0.00167693,0.00481043,0.00314912,0,5.01,01:08,1:06:24
40,0,10,3,deviation,0.001,14796,14604,77,0,0.00298726,0.00167693,0.00481078,0.0031493,0,8.33,01:18,1:06:51
40,3,10,3,deviation,0.001,14794,14602,77,0,0.00298726,0.00167693,0.00481041,0.00314912,0,3.45,01:09,1:06:47
50,3,13,2,deviation,0.1,1,82.1,187,103,0.00282948,0.00148358,0.00692035,0.00403227,0.234486,5.39,01:38,1:05:05
50,5,13,2,deviation,0.1,1,82.1,187,103,0.00282948,0.00148358,0.00691901,0.00403158,0.231533,7.48,01:43,1:05:35
50,0,13,2,deviation,0.1,1,82.1,187,103,0.00282926,0.00148347,0.006919,0.00403157,0.228992,14.21,01:56,1:06:12
50,3,13,0,deviation,0.1,1,63.6,192,112,0.0023842,0.00122352,0.00590908,0.00318546,0.249856,5.49,01:40,1:04:23
50,3,13,1,deviation,0.1,1,63.6,192,112,0.0023842,0.00122352,0.00590908,0.00318546,0.249856,5.49,01:39,1:04:12
50,5,13,0,deviation,0.1,1,63.6,192,112,0.0023842,0.00122352,0.00591167,0.00318677,0.245866,7.59,01:44,1:05:40
50,5,13,1,deviation,0.1,1,63.6,192,112,0.0023842,0.00122352,0.00591167,0.00318677,0.245866,7.59,01:42,1:05:19
50,0,13,0,deviation,0.1,1,63.6,192,112,0.00238398,0.00122341,0.00591021,0.00318603,0.242556,14.36,01:55,1:07:04
50,0,13,1,deviation,0.1,1,63.6,192,112,0.00238398,0.00122341,0.00591021,0.00318603,0.242556,14.36,01:54,1:05:55
40,0,30,1,deviation,0.001,862,1209.34,121,18,0.00228185,0.00116552,0.00378851,0.00200813,0.0666661,2.06,00:57,1:24:52
40,0,30,0,deviation,0.001,862,1209.34,121,18,0.00228185,0.00116552,0.00378851,0.00200813,0.0666661,2.06,00:58,1:24:38
40,3,30,1,deviation,0.001,862,1209.34,121,18,0.00228185,0.00116552,0.0037881,0.00200792,0.0666661,1.21,00:54,1:24:58
40,5,30,1,deviation,0.001,862,1209.34,121,18,0.00228185,0.00116552,0.00378851,0.00200813,0.0666661,1.42,00:58,1:24:34
40,3,30,0,deviation,0.001,862,1209.34,121,18,0.00228185,0.00116552,0.0037881,0.00200792,0.0666661,1.21,00:55,1:26:29
40,5,30,0,deviation,0.001,862,1209.34,121,18,0.00228185,0.00116552,0.00378851,0.00200813,0.0666661,1.42,00:58,1:24:04
40,0,30,2,deviation,0.001,864,1211.72,121,18,0.00228152,0.00116535,0.00389429,0.00206772,0.065757,2.06,00:58,1:25:08
40,5,30,2,deviation,0.001,864,1211.72,121,18,0.00228152,0.00116535,0.00389429,0.00206772,0.065757,1.42,00:54,1:25:37
40,3,30,2,deviation,0.001,864,1211.72,121,18,0.00228152,0.00116535,0.00389426,0.0020677,0.065757,1.21,00:55,1:25:55
50,5,38,0,deviation,0.001,224,764.74,155,48,0.00165131,0.000838332,0.00262163,0.00134373,0.14174,2.70,01:41,1:21:35
50,0,38,1,deviation,0.001,224,764.74,155,48,0.00165131,0.000838332,0.00262163,0.00134373,0.14174,6.87,01:25,1:19:19
50,3,38,1,deviation,0.001,224,764.74,155,48,0.00165131,0.000838332,0.00262163,0.00134373,0.14174,1.90,01:43,1:20:19
50,3,38,0,deviation,0.001,224,764.74,155,48,0.00165131,0.000838332,0.00262163,0.00134373,0.14174,1.90,01:52,1:20:52
50,0,38,0,deviation,0.001,224,764.74,155,48,0.00165131,0.000838332,0.00262163,0.00134373,0.14174,6.87,01:24,1:19:10
50,5,38,1,deviation,0.001,224,764.74,155,48,0.00165131,0.000838332,0.00262163,0.00134373,0.14174,2.70,01:43,1:21:09
50,5,38,2,deviation,0.001,248,775.43,155,48,0.00165107,0.000838209,0.00251271,0.00128612,0.14174,2.70,01:39,1:20:59
50,3,38,2,deviation,0.001,248,775.43,155,48,0.00165107,0.000838209,0.00251271,0.00128612,0.14174,1.90,01:49,1:20:07
50,0,38,2,deviation,0.001,248,775.43,155,48,0.00165107,0.000838209,0.00251271,0.00128612,0.14174,6.87,01:24,1:20:08
50,3,13,3,absolute,0.001,1,1.62,203,184,0.00162242,0.000828611,0.00370339,0.00205748,0.881844,4.11,02:00,1:07:23
50,5,13,3,absolute,0.001,1,1.62,203,184,0.00161978,0.000827171,0.0037264,0.00206923,0.88198,4.14,01:56,1:07:23
50,0,13,3,absolute,0.001,1,1.62,203,184,0.00161978,0.000827171,0.0037267,0.00206938,0.88198,4.23,01:46,1:08:31
50,3,13,2,absolute,0.001,1,1.57,203,185,0.00154083,0.000788403,0.00330011,0.00182343,0.893294,4.49,02:00,1:07:06
50,5,13,2,absolute,0.001,1,1.57,203,185,0.001528,0.000781787,0.00323987,0.00178102,0.893551,4.53,01:58,1:07:16
50,0,13,2,absolute,0.001,1,1.57,203,185,0.001528,0.000781786,0.0032402,0.00178118,0.893551,4.61,01:53,1:07:52
50,3,13,3,none,0.001,1,1.21,203,185,0.00145938,0.000751311,0.00361196,0.002136,0.815595,5.42,02:26,1:05:17
40,5,30,0,deviation,0.01,1,34.97,200,120,0.00143322,0.0010697,0.00198537,0.00207181,0.279802,2.66,03:56,1:25:26
40,0,30,0,deviation,0.01,1,34.97,200,120,0.00143322,0.0010697,0.00198371,0.00207097,0.279802,3.32,04:03,1:26:40
40,3,30,1,deviation,0.01,1,34.97,200,120,0.00143322,0.0010697,0.00198469,0.00207146,0.279802,2.43,03:59,1:24:47
40,3,30,0,deviation,0.01,1,34.97,200,120,0.00143322,0.0010697,0.00198469,0.00207146,0.279802,2.43,03:59,1:25:59
40,5,30,1,deviation,0.01,1,34.97,200,120,0.00143322,0.0010697,0.00198537,0.00207181,0.279802,2.66,04:01,1:25:42
40,0,30,1,deviation,0.01,1,34.97,200,120,0.00143322,0.0010697,0.00198371,0.00207097,0.279802,3.32,04:00,1:26:39
40,5,30,2,deviation,0.01,1,35.72,200,118,0.00143311,0.00106965,0.00198423,0.00207123,0.274575,2.65,03:57,1:24:32
40,0,30,2,deviation,0.01,1,35.72,200,118,0.00143311,0.00106965,0.00198423,0.00207123,0.274575,3.31,03:57,1:24:35
40,3,30,2,deviation,0.01,1,35.72,200,118,0.00143311,0.00106965,0.00198319,0.00207071,0.274575,2.43,03:58,1:24:28
50,5,13,3,none,0.001,1,1.21,203,185,0.00139028,0.000715311,0.00333396,0.00191902,0.787188,7.83,02:48,1:03:57
50,0,13,3,none,0.001,1,1.21,203,185,0.0013875,0.000713917,0.00332845,0.0019138,0.757972,17.53,03:07,1:06:24
40,0,10,3,absolute,0.001,1,1.67,203,183,0.0013728,0.00069006,0.0031401,0.00159385,0.886118,4.06,01:56,1:10:21
40,5,10,3,absolute,0.001,1,1.67,203,183,0.0013728,0.00069006,0.00313971,0.00159366,0.886118,4.04,01:58,1:08:02
40,3,10,3,absolute,0.001,1,1.67,203,183,0.00137108,0.000689195,0.00315466,0.00160144,0.885846,4.02,01:58,1:08:32
40,3,10,2,absolute,0.001,1,1.5,203,183,0.00131732,0.000662175,0.00297101,0.00151012,0.89805,4.53,02:08,1:08:42
40,5,10,2,absolute,0.001,1,1.5,203,183,0.00131609,0.000661558,0.00303178,0.00154028,0.898258,4.55,02:10,1:08:32
40,0,10,2,absolute,0.001,1,1.5,203,183,0.00131609,0.000661558,0.00303156,0.00154017,0.898258,4.57,02:04,1:09:51
30,0,23,1,deviation,0.01,2,207.73,171,80,0.00129623,0.000654175,0.00285119,0.00148972,0.247373,2.28,02:07,1:35:44
30,3,23,1,deviation,0.01,2,207.73,171,80,0.00129623,0.000654175,0.00285126,0.00148976,0.247373,1.78,02:08,1:35:55
30,3,23,0,deviation,0.01,2,207.73,171,80,0.00129623,0.000654175,0.00285126,0.00148976,0.247373,1.78,02:07,1:36:51
30,5,23,0,deviation,0.01,2,207.73,171,80,0.00129623,0.000654175,0.00285118,0.00148972,0.247373,2.08,02:02,1:34:39
30,0,23,0,deviation,0.01,2,207.73,171,80,0.00129623,0.000654175,0.00285119,0.00148972,0.247373,2.28,02:07,1:36:26
30,5,23,1,deviation,0.01,2,207.73,171,80,0.00129623,0.000654175,0.00285118,0.00148972,0.247373,2.08,02:08,1:35:39
30,0,23,2,deviation,0.01,2,211.43,171,79,0.00129537,0.000653734,0.00283955,0.00148277,0.24345,2.27,02:04,1:37:15
30,5,23,2,deviation,0.01,2,211.43,171,79,0.00129537,0.000653734,0.00283955,0.00148276,0.24345,2.07,02:08,1:35:12
30,3,23,2,deviation,0.01,2,211.43,171,79,0.00129537,0.000653734,0.00283978,0.00148288,0.24345,1.77,02:08,1:35:55
40,3,10,3,none,0.001,1,1.26,203,182,0.001214,0.000610472,0.00285068,0.00145813,0.80902,5.40,02:28,1:07:01
40,5,10,3,none,0.001,1,1.26,203,183,0.00115959,0.00058282,0.0026516,0.00135364,0.769537,7.70,02:40,1:06:58
40,0,10,3,none,0.001,1,1.26,203,183,0.00115778,0.000581913,0.00264476,0.00135085,0.733942,14.48,02:51,1:08:47
40,5,20,3,absolute,0.001,1,1.09,203,191,0.00115276,0.00058157,0.00269349,0.00139853,0.937249,5.86,02:38,1:16:44
40,0,20,3,absolute,0.001,1,1.09,203,191,0.00115275,0.000581569,0.00269304,0.0013983,0.937249,5.91,03:01,1:15:40
40,3,20,3,absolute,0.001,1,1.09,203,191,0.00115267,0.00058153,0.00267956,0.0013891,0.936988,5.83,02:49,1:15:02
40,3,20,3,none,0.001,1,1.09,203,191,0.00114923,0.000579974,0.00263098,0.0013679,0.935326,5.86,02:51,1:11:07
40,5,20,3,none,0.001,1,1.09,203,191,0.0011241,0.000567168,0.00255594,0.00132606,0.9393,6.24,02:46,1:10:58
40,0,20,3,none,0.001,1,1.09,203,191,0.00112381,0.000567017,0.00256515,0.00133281,0.939319,6.61,03:01,1:10:52
50,3,25,3,none,0.001,1,1.23,202,189,0.00108415,0.000544435,0.00219784,0.001112,0.934422,5.83,02:37,1:09:42
50,3,25,3,absolute,0.001,1,1.22,202,190,0.00107897,0.00054164,0.00224409,0.00113492,0.934872,5.88,02:32,1:12:25
50,5,25,3,absolute,0.001,1,1.22,202,190,0.00107773,0.000541017,0.00224638,0.00113608,0.934942,5.93,02:28,1:12:05
50,0,25,3,absolute,0.001,1,1.22,202,190,0.00107773,0.000541016,0.00224708,0.00113644,0.934942,6.04,02:35,1:11:30
40,5,20,2,absolute,0.001,1,1.08,203,192,0.00106562,0.00053793,0.00247159,0.00128868,0.944144,6.69,02:57,1:16:16
40,0,20,2,absolute,0.001,1,1.08,203,192,0.00106562,0.00053793,0.00246961,0.00128768,0.944144,6.74,03:17,1:15:39
40,3,20,2,absolute,0.001,1,1.08,203,192,0.00106561,0.00053793,0.00246862,0.00128623,0.944131,6.65,03:07,1:15:46
30,3,8,3,absolute,0.001,1,1.36,202,185,0.00105646,0.000530839,0.00220382,0.00111963,0.896351,4.42,02:50,1:12:05
30,5,8,3,absolute,0.001,1,1.36,202,185,0.00105554,0.000530376,0.0022049,0.00112007,0.897407,4.44,02:50,1:12:37
30,0,8,3,absolute,0.001,1,1.36,202,185,0.00105554,0.000530376,0.00220483,0.00112004,0.897407,4.46,02:47,1:14:04
50,5,25,3,none,0.001,1,1.22,202,190,0.00103419,0.00051914,0.00208636,0.00105499,0.935918,6.29,02:37,1:10:16
50,0,25,3,none,0.001,1,1.22,202,190,0.00103405,0.000519069,0.00208557,0.00105461,0.935919,6.79,02:45,1:07:07
30,3,8,3,none,0.001,1,4.28,203,185,0.00102852,0.000516621,0.00184771,0.000936478,0.822121,5.70,03:00,1:10:38
50,3,25,2,absolute,0.001,1,1.21,202,190,0.00102268,0.000513151,0.00230429,0.00116529,0.937875,6.49,02:37,1:11:31
50,5,25,2,absolute,0.001,1,1.21,202,190,0.00102179,0.0005127,0.00229719,0.00116169,0.938066,6.54,02:35,1:11:52
50,0,25,2,absolute,0.001,1,1.21,202,190,0.00102179,0.0005127,0.00229617,0.00116118,0.938066,6.65,02:40,1:11:58
30,5,8,3,none,0.001,1,4.27,203,185,0.000983852,0.000494063,0.00177184,0.000898106,0.775563,7.74,02:43,1:07:38
30,0,8,3,none,0.001,1,4.27,203,185,0.000981983,0.000493122,0.00174774,0.000885815,0.74632,10.64,02:47,1:07:22
30,3,8,2,absolute,0.001,1,1.18,203,186,0.00098109,0.000492978,0.00209829,0.00106953,0.919528,5.25,03:04,1:12:20
30,0,8,2,absolute,0.001,1,1.18,203,186,0.000980375,0.000492619,0.00209923,0.00106976,0.920436,5.29,03:12,1:14:10
30,5,8,2,absolute,0.001,1,1.18,203,186,0.000980375,0.000492619,0.00209934,0.00106982,0.920436,5.27,02:57,1:11:20
40,3,10,2,none,0.001,1,1.14,203,184,0.000939723,0.000473186,0.00200571,0.00103583,0.740511,8.27,03:32,1:06:53
40,5,10,2,none,0.001,1,1.13,203,185,0.000930116,0.00046823,0.00199591,0.00102891,0.705077,11.46,03:30,1:06:48
40,0,10,2,none,0.001,1,1.13,203,185,0.000928746,0.00046754,0.00197811,0.00102002,0.668892,20.79,03:50,1:08:56
50,3,25,2,none,0.001,1,3.38,203,190,0.00088951,0.000446644,0.00183221,0.000936161,0.814189,10.61,04:00,1:10:57
50,3,13,3,none,0.01,1,1.07,203,194,0.000875219,0.000440544,0.00206661,0.00106511,0.958061,13.90,04:13,1:07:14
50,3,13,3,absolute,0.01,1,1.07,203,194,0.000869461,0.000436577,0.00220471,0.00111957,0.978879,13.58,03:46,1:08:51
50,5,25,2,none,0.001,1,3.36,203,191,0.000866886,0.000435228,0.00173848,0.000887631,0.822239,11.23,04:13,1:12:02
50,0,25,2,none,0.001,1,3.36,203,191,0.000866803,0.000435186,0.00173751,0.000887139,0.822248,12.11,04:30,1:07:50
50,3,13,2,absolute,0.01,1,1.07,203,194,0.000862926,0.000433316,0.00214936,0.0010911,0.980162,14.70,03:49,1:09:38
50,5,13,3,absolute,0.01,1,1.07,203,194,0.000859263,0.000431437,0.00214014,0.00108594,0.979938,13.76,03:41,1:08:31
50,0,13,3,absolute,0.01,1,1.07,203,194,0.000859233,0.000431422,0.00213571,0.00108374,0.979938,13.85,03:27,1:10:43
50,5,13,2,absolute,0.01,1,1.07,203,194,0.000857187,0.000430439,0.00209466,0.00106244,0.980973,14.91,03:49,1:09:53
50,0,13,2,absolute,0.01,1,1.07,203,194,0.00085716,0.000430425,0.00209128,0.00106071,0.980973,15.00,03:29,1:10:19
30,3,8,2,none,0.001,1,1.17,203,188,0.000824318,0.000414287,0.00149465,0.000772471,0.79552,8.61,04:00,1:10:41
40,3,10,2,absolute,0.01,1,1.14,203,191,0.000823545,0.000412808,0.0019515,0.000984096,0.975438,12.51,03:29,1:09:56
40,3,10,3,absolute,0.01,1,1.16,203,190,0.000823541,0.000412806,0.00187279,0.000943832,0.973324,11.09,03:19,1:10:15
40,5,10,3,absolute,0.01,1,1.16,203,190,0.000821165,0.000411615,0.00187275,0.000943877,0.973253,11.17,03:19,1:10:32
40,0,10,3,absolute,0.01,1,1.16,203,190,0.000821152,0.000411608,0.00186904,0.000941961,0.973253,11.20,03:23,1:10:49
40,5,10,2,absolute,0.01,1,1.14,203,191,0.000820927,0.000411495,0.00195262,0.000984675,0.975378,12.60,03:23,1:10:47
40,0,10,2,absolute,0.01,1,1.14,203,191,0.000820915,0.000411489,0.00195159,0.000984152,0.97537,12.63,03:23,1:11:25
30,5,8,2,none,0.001,1,1.17,203,188,0.000813587,0.000408862,0.00146383,0.000755492,0.749763,11.38,03:35,1:10:32
30,0,8,2,none,0.001,1,1.17,203,188,0.000812569,0.000408349,0.00145546,0.000751754,0.721711,15.30,03:42,1:09:31
50,5,13,3,none,0.01,1,1.07,203,194,0.000808999,0.000406896,0.00189525,0.000972029,0.951786,20.02,05:00,1:06:38
50,0,13,3,none,0.01,1,1.07,203,194,0.000802983,0.000403845,0.00187253,0.000960485,0.93139,38.70,05:10,1:10:11
30,3,15,3,none,0.001,1,1.21,202,188,0.000798395,0.000400164,0.00156113,0.000784819,0.937325,6.24,03:50,1:15:50
50,3,13,2,none,0.001,1,1.18,203,188,0.000795766,0.000398804,0.00146291,0.000738107,0.70297,8.44,03:27,1:06:30
50,5,13,2,none,0.001,1,1.17,203,188,0.000786599,0.0003942,0.00144112,0.000726871,0.674098,11.75,03:48,1:06:42
50,0,13,2,none,0.001,1,1.17,203,188,0.000786563,0.000394181,0.00143587,0.000724221,0.643285,24.84,04:02,1:06:04
30,3,15,3,absolute,0.001,1,1.2,202,188,0.000782128,0.000392009,0.00153343,0.000770754,0.936129,6.19,03:43,1:19:17
30,5,15,3,absolute,0.001,1,1.2,202,188,0.000781929,0.000391909,0.00153071,0.000769363,0.936187,6.22,03:40,1:21:06
30,0,15,3,absolute,0.001,1,1.2,202,188,0.000781929,0.000391909,0.00153051,0.000769266,0.936187,6.27,04:02,1:20:15
30,0,15,3,none,0.001,1,1.2,202,188,0.000776161,0.000388988,0.00152445,0.000766213,0.941419,6.73,03:55,1:15:53
30,5,15,3,none,0.001,1,1.2,202,188,0.000776159,0.000388987,0.00152331,0.000765631,0.941419,6.56,03:55,1:13:36
50,3,25,3,none,0.01,1,1.08,203,192,0.000761945,0.000382259,0.0016503,0.000832966,0.983684,18.88,04:18,1:12:04
30,3,15,2,absolute,0.001,1,1.18,203,190,0.000742058,0.000371846,0.0014667,0.000737026,0.950881,7.43,03:57,1:20:30
30,5,15,2,absolute,0.001,1,1.18,203,190,0.000741892,0.000371763,0.00146463,0.000735965,0.95092,7.46,03:58,1:22:10
30,0,15,2,absolute,0.001,1,1.18,203,190,0.000741892,0.000371763,0.00146371,0.0007355,0.95092,7.51,04:12,1:20:21
40,3,20,2,none,0.001,1,1.09,203,191,0.00074034,0.000371105,0.00126394,0.000634813,0.843004,10.30,04:31,1:12:52
50,3,38,3,absolute,0.001,1,1.1,203,193,0.000731753,0.000366689,0.00168238,0.000846224,0.969889,12.47,04:09,1:28:04
50,5,38,3,absolute,0.001,1,1.1,203,193,0.000731126,0.000366374,0.00168632,0.000848263,0.969983,12.56,04:07,1:27:54
50,0,38,3,absolute,0.001,1,1.1,203,193,0.000731125,0.000366373,0.00168297,0.00084653,0.969983,12.67,04:19,1:27:11
40,5,20,2,none,0.001,1,1.09,203,191,0.000731014,0.000366402,0.00126484,0.000635181,0.849834,10.82,04:16,1:15:41
40,0,20,2,none,0.001,1,1.09,203,191,0.000730776,0.000366282,0.00126461,0.000635069,0.849872,11.39,04:24,1:11:44
30,3,8,3,none,0.01,1,1.08,203,191,0.000725207,0.000363387,0.0013591,0.000682636,0.935261,11.70,04:00,1:10:19
50,3,25,3,absolute,0.01,1,1.07,203,194,0.000721848,0.000361748,0.00172404,0.000867174,0.9852,21.17,04:23,1:13:49
30,3,8,3,absolute,0.01,1,1.08,203,191,0.00072172,0.000361612,0.0015996,0.000804403,0.967833,10.52,04:03,1:16:38
30,5,8,3,absolute,0.01,1,1.08,203,191,0.00072157,0.000361537,0.00159943,0.00080432,0.967991,10.57,04:10,1:15:56
30,0,8,3,absolute,0.01,1,1.08,203,191,0.000721569,0.000361536,0.00159956,0.000804389,0.967991,10.60,04:10,1:15:06
50,5,25,3,absolute,0.01,1,1.07,203,194,0.000718688,0.000360156,0.00170941,0.000859755,0.985116,21.47,04:25,1:14:15
50,0,25,3,absolute,0.01,1,1.07,203,194,0.00071868,0.000360152,0.00171027,0.000860207,0.985116,21.59,04:25,1:14:40
50,3,25,2,absolute,0.01,1,1.07,203,194,0.000718488,0.000360074,0.00174276,0.000876765,0.986472,23.00,04:22,1:13:57
40,3,30,3,none,0.001,1,1.07,203,194,0.000716663,0.000359147,0.00165074,0.000830329,0.966041,11.39,04:22,1:22:42
50,3,13,3,none,0.1,1,1.06,203,195,0.000715407,0.000359589,0.00174469,0.000889343,0.984652,44.83,06:29,1:15:46
50,5,25,2,absolute,0.01,1,1.07,203,194,0.000715293,0.000358465,0.00173104,0.000870816,0.986447,23.34,04:30,1:15:18
50,0,25,2,absolute,0.01,1,1.07,203,194,0.000715285,0.000358461,0.00172997,0.000870255,0.986447,23.46,04:31,1:14:57
40,3,30,3,absolute,0.001,1,1.07,203,194,0.000714243,0.000357922,0.00168026,0.000845279,0.966699,11.46,04:10,1:32:47
40,5,30,3,absolute,0.001,1,1.07,203,194,0.000714019,0.000357809,0.00168106,0.000845708,0.966951,11.53,04:16,1:33:44
40,0,30,3,absolute,0.001,1,1.07,203,194,0.000714018,0.000357809,0.00168071,0.00084553,0.966951,11.61,04:44,1:32:25
50,3,38,3,none,0.001,1,1.11,203,193,0.000713169,0.000357387,0.00157313,0.000791061,0.968949,12.23,04:17,1:20:52
40,3,10,3,none,0.01,1,1.09,203,191,0.000709031,0.000355197,0.00129397,0.000649692,0.944746,12.27,03:57,1:06:55
40,5,30,3,none,0.001,1,1.07,203,194,0.000702071,0.000351817,0.00164705,0.000828567,0.967874,12.28,04:15,1:22:22
40,0,30,3,none,0.001,1,1.07,203,194,0.000701927,0.000351745,0.0016483,0.000829222,0.967951,13.33,04:54,1:22:52
50,5,38,3,none,0.001,1,1.1,203,193,0.000700484,0.000351007,0.00154725,0.000778052,0.971005,13.76,04:17,1:19:20
50,0,38,3,none,0.001,1,1.1,203,193,0.000700447,0.000350989,0.00155362,0.000781298,0.970987,19.12,04:36,1:19:31
30,3,8,2,absolute,0.01,1,1.08,203,192,0.000698031,0.000349718,0.00153955,0.000773766,0.974835,12.60,04:07,1:14:20
40,3,20,3,none,0.01,1,1.07,203,194,0.000697671,0.000349506,0.00160604,0.000807372,0.984651,16.51,04:28,1:14:32
30,5,8,2,absolute,0.01,1,1.08,203,192,0.000697538,0.00034947,0.0015443,0.00077614,0.974857,12.67,04:12,1:14:05
30,0,8,2,absolute,0.01,1,1.08,203,192,0.000697537,0.000349469,0.00154267,0.000775317,0.974857,12.69,04:20,1:15:01
40,3,10,2,deviation,5.,1,1.06,203,195,0.000685699,0.000344014,0.00148755,0.000751222,0.970441,50.25,05:32,1:13:32
30,5,8,3,none,0.01,1,1.08,203,191,0.000684262,0.000342803,0.00120538,0.000604559,0.912341,15.33,04:20,1:11:01
50,5,25,3,none,0.01,1,1.07,203,193,0.000683477,0.000342477,0.0015181,0.000762812,0.98648,23.46,04:48,1:13:43
40,3,20,3,absolute,0.01,1,1.07,203,194,0.000683163,0.000342225,0.00166445,0.000836853,0.986443,17.18,04:22,1:19:20
50,0,25,3,none,0.01,1,1.07,203,193,0.000683014,0.000342245,0.00151676,0.000762135,0.986495,24.22,04:51,1:12:03
40,3,10,2,none,0.01,1,1.08,203,193,0.000679762,0.000340579,0.00114278,0.000573576,0.920161,16.93,04:51,1:09:11
40,5,20,3,absolute,0.01,1,1.07,203,194,0.000678669,0.000339966,0.00165534,0.000832244,0.986428,17.33,04:13,1:17:58
40,0,20,3,absolute,0.01,1,1.07,203,194,0.000678665,0.000339964,0.00165546,0.000832301,0.986428,17.38,04:35,1:18:05
40,3,20,2,absolute,0.01,1,1.06,203,195,0.000678563,0.000339906,0.00163088,0.000819575,0.988151,19.51,04:33,1:18:40
30,0,8,3,none,0.01,1,1.08,203,191,0.000678452,0.000339889,0.0011784,0.000591007,0.892093,19.28,04:09,1:10:02
40,3,10,3,deviation,5.,1,1.06,203,195,0.000676225,0.000338935,0.00147218,0.000740139,0.979868,44.57,05:18,1:12:22
30,3,8,2,none,0.01,1,1.08,203,192,0.000675796,0.000338696,0.00119041,0.000598479,0.924615,16.58,04:50,1:13:00
40,5,20,2,absolute,0.01,1,1.06,203,195,0.000674729,0.000337978,0.00165427,0.000831434,0.987965,19.69,04:20,1:17:43
40,0,20,2,absolute,0.01,1,1.06,203,195,0.000674726,0.000337977,0.00165458,0.00083159,0.987966,19.74,04:50,1:19:22
40,5,10,2,deviation,5.,1,1.06,203,195,0.00067447,0.000338369,0.00134838,0.00067883,0.96384,56.26,06:05,1:13:47
50,3,38,2,absolute,0.001,1,1.1,203,193,0.000674257,0.000337735,0.00146518,0.00073536,0.97352,14.05,04:27,1:28:26
50,5,38,2,absolute,0.001,1,1.1,203,193,0.000673873,0.000337543,0.0014653,0.000735427,0.973545,14.15,04:23,1:28:08
50,0,38,2,absolute,0.001,1,1.1,203,193,0.000673872,0.000337542,0.00146557,0.000735563,0.973542,14.26,04:41,1:28:09
40,5,10,3,none,0.01,1,1.09,203,191,0.000673108,0.000337164,0.00124051,0.000622575,0.929728,16.99,04:24,1:09:13
40,0,10,3,none,0.01,1,1.09,203,191,0.000671994,0.000336604,0.00120827,0.000606389,0.906989,26.68,04:27,1:08:20
50,3,13,2,none,0.01,1,1.07,203,194,0.000669305,0.000335263,0.00121862,0.000612837,0.922871,18.82,04:38,1:06:42
40,0,20,3,none,0.01,1,1.07,203,194,0.000662627,0.000331895,0.00160596,0.000807245,0.987021,19.78,04:25,1:12:38
40,5,10,2,none,0.01,1,1.07,203,193,0.000662434,0.00033188,0.00112101,0.000562501,0.905109,23.02,05:05,1:10:44
40,5,20,3,none,0.01,1,1.07,203,194,0.000661981,0.000331572,0.00159448,0.000801492,0.98701,19.35,04:25,1:15:39
40,5,10,3,deviation,5.,1,1.06,203,195,0.000660358,0.000330951,0.00137903,0.000692607,0.975296,49.64,05:39,1:12:51
40,0,10,2,deviation,5.,1,1.06,203,195,0.00065977,0.000331002,0.00123732,0.000621745,0.95543,68.00,06:44,1:15:30
40,3,30,2,absolute,0.001,1,1.07,203,194,0.000655149,0.000328267,0.00157605,0.000792825,0.971216,13.50,04:42,1:33:17
40,5,30,2,absolute,0.001,1,1.07,203,194,0.000655005,0.000328194,0.00157528,0.00079243,0.9713,13.57,04:49,1:33:13
40,0,30,2,absolute,0.001,1,1.07,203,194,0.000655005,0.000328194,0.00157514,0.000792364,0.9713,13.66,05:22,1:33:21
30,5,8,2,none,0.01,1,1.08,203,192,0.000654436,0.000327951,0.00106577,0.000534672,0.901595,21.36,04:49,1:11:01
40,0,10,2,none,0.01,1,1.07,203,193,0.000651453,0.000326316,0.00108927,0.000546423,0.877523,35.79,05:03,1:09:23
40,3,10,0,deviation,5.,1,1.06,203,195,0.000650848,0.00032613,0.00134178,0.000673981,0.973294,52.08,05:42,1:15:45
40,3,10,1,deviation,5.,1,1.06,203,195,0.000650848,0.00032613,0.00134178,0.000673981,0.973294,52.08,05:44,1:15:07
30,0,8,2,none,0.01,1,1.08,203,192,0.00064915,0.000325298,0.0010442,0.000523749,0.879161,26.59,04:59,1:14:46
40,0,10,3,deviation,5.,1,1.06,203,195,0.000645921,0.000323711,0.00125577,0.00063015,0.969265,59.51,05:54,1:13:15
30,3,15,3,none,0.01,1,1.07,203,193,0.000642202,0.000321659,0.00149167,0.000749203,0.979344,15.11,04:52,1:15:21
40,5,10,1,deviation,5.,1,1.06,203,195,0.000639833,0.000320596,0.0012705,0.000637859,0.966859,58.19,06:03,1:13:49
40,5,10,0,deviation,5.,1,1.06,203,195,0.000639833,0.000320596,0.0012705,0.000637859,0.966859,58.19,06:12,1:15:30
50,5,13,2,none,0.01,1,1.07,203,194,0.000639383,0.000320238,0.00114867,0.000576995,0.916619,26.45,05:10,1:07:45
30,3,15,3,absolute,0.01,1,1.07,203,193,0.000638115,0.00031961,0.00149739,0.000751938,0.979447,15.44,04:56,1:21:10
30,5,15,3,absolute,0.01,1,1.07,203,193,0.000637891,0.000319497,0.00149441,0.000750433,0.979466,15.52,04:46,1:22:02
30,0,15,3,absolute,0.01,1,1.07,203,193,0.000637891,0.000319497,0.00149481,0.000750637,0.979464,15.58,05:13,1:22:21
50,0,13,2,none,0.01,1,1.07,203,194,0.000637804,0.000319446,0.00114132,0.000573308,0.889196,50.10,05:43,1:11:40
50,3,25,2,none,0.01,1,1.08,203,192,0.000628805,0.000314936,0.00110656,0.000555828,0.953983,26.73,05:08,1:12:38
30,3,15,2,absolute,0.01,1,1.07,203,193,0.000628484,0.000314778,0.00160104,0.00080418,0.984964,18.61,05:00,1:22:29
30,5,15,2,absolute,0.01,1,1.07,203,193,0.000628291,0.000314681,0.0015999,0.000803615,0.984484,18.71,05:06,1:23:08
30,0,15,2,absolute,0.01,1,1.07,203,193,0.000628291,0.00031468,0.00159944,0.000803382,0.984481,18.77,05:12,1:22:29
30,5,15,3,none,0.01,1,1.07,203,193,0.000628233,0.000314647,0.00148154,0.000743954,0.980561,16.83,04:49,1:18:50
30,0,15,3,none,0.01,1,1.07,203,193,0.000628132,0.000314596,0.00148102,0.000743693,0.980508,17.03,05:31,1:16:40
40,0,10,1,deviation,5.,1,1.06,203,195,0.000625214,0.000313269,0.0012105,0.000607697,0.958542,70.13,06:35,1:15:03
40,0,10,0,deviation,5.,1,1.06,203,195,0.000625214,0.000313269,0.0012105,0.000607697,0.958542,70.13,06:35,1:15:43
50,3,13,3,absolute,0.1,1,1.07,203,194,0.000624806,0.000312986,0.0017414,0.000875516,0.993182,61.38,06:04,1:17:43
30,3,15,2,none,0.001,1,1.19,203,190,0.000623888,0.000312447,0.00102582,0.000514546,0.871527,10.51,04:44,1:17:00
50,3,13,2,absolute,0.1,1,1.07,203,194,0.000621,0.000311077,0.00173077,0.000870043,0.993628,66.96,06:10,1:19:11
50,0,13,3,absolute,0.1,1,1.07,203,194,0.000620876,0.000311005,0.00173904,0.000874145,0.993407,66.12,06:13,1:17:35
30,3,8,3,deviation,5.,1,1.07,203,193,0.000620825,0.000310947,0.00129218,0.000648235,0.966067,31.55,05:25,1:15:47
50,5,13,3,absolute,0.1,1,1.07,203,194,0.000620775,0.000310955,0.00173838,0.000873817,0.99341,65.89,06:49,1:17:29
50,3,13,1,absolute,0.001,1,1.11,203,193,0.000620655,0.000310891,0.00146525,0.000736817,0.878164,25.81,07:31,1:11:56
50,3,13,0,absolute,0.001,1,1.11,203,193,0.000620655,0.000310891,0.00146525,0.000736817,0.878164,25.81,07:34,1:12:35
50,3,13,3,deviation,5.,1,1.07,203,193,0.000620506,0.000310763,0.00153426,0.000770549,0.987701,62.42,05:34,1:13:06
50,5,13,1,absolute,0.001,1,1.11,203,193,0.000620393,0.000310759,0.00147274,0.000740547,0.878325,25.86,07:34,1:11:11
50,0,13,0,absolute,0.001,1,1.11,203,193,0.000620393,0.000310759,0.00147273,0.000740539,0.878229,25.96,07:29,1:11:56
50,0,13,1,absolute,0.001,1,1.11,203,193,0.000620393,0.000310759,0.00147273,0.000740539,0.878229,25.96,07:15,1:12:55
50,5,13,0,absolute,0.001,1,1.11,203,193,0.000620393,0.000310759,0.00147274,0.000740547,0.878325,25.86,07:33,1:11:17
50,0,13,2,absolute,0.1,1,1.07,203,194,0.000618224,0.000309678,0.00174371,0.000876409,0.993598,72.33,06:26,1:19:57
50,5,13,2,absolute,0.1,1,1.07,203,194,0.000618127,0.00030963,0.00174142,0.000875265,0.993626,72.08,07:03,1:19:19
50,5,13,3,deviation,5.,1,1.07,203,193,0.000617397,0.000309205,0.00150626,0.000756433,0.985472,69.24,05:55,1:15:47
30,5,15,2,none,0.001,1,1.18,203,190,0.000617278,0.000309127,0.00102151,0.000512377,0.876415,10.92,05:04,1:16:32
30,0,15,2,none,0.001,1,1.18,203,190,0.000617278,0.000309127,0.0010215,0.000512368,0.876417,11.14,04:54,1:14:03
50,3,13,2,deviation,5.,1,1.07,203,193,0.000617127,0.000309072,0.00130568,0.000655179,0.980811,70.00,05:55,1:15:15
40,3,20,2,none,0.01,1,1.07,203,194,0.000616731,0.000308855,0.00108308,0.000543232,0.95365,23.84,05:18,1:13:45
50,3,13,0,deviation,5.,1,1.07,203,193,0.000616091,0.000308551,0.00130837,0.000656532,0.982758,72.48,06:07,1:14:24
50,3,13,1,deviation,5.,1,1.07,203,193,0.000616091,0.000308551,0.00130837,0.000656532,0.982758,72.48,06:07,1:16:23
50,5,13,2,deviation,5.,1,1.07,203,193,0.00061424,0.000307624,0.00128812,0.000646366,0.977101,77.81,06:31,1:16:03
30,3,8,2,deviation,5.,1,1.07,203,193,0.000613423,0.000307222,0.00117563,0.000589647,0.959259,35.70,05:33,1:17:09
50,5,13,0,deviation,5.,1,1.07,203,193,0.000613326,0.000307165,0.00129198,0.000648309,0.979242,80.44,06:36,1:18:07
50,5,13,1,deviation,5.,1,1.07,203,193,0.000613326,0.000307165,0.00129198,0.000648309,0.979242,80.44,06:21,1:16:23
30,3,8,1,deviation,5.,1,1.07,203,194,0.000611445,0.000306221,0.00116626,0.000584917,0.962069,36.93,05:35,1:16:30
30,3,8,0,deviation,5.,1,1.07,203,194,0.000611445,0.000306221,0.00116626,0.000584917,0.962069,36.93,05:39,1:17:01
30,5,8,3,deviation,5.,1,1.07,203,193,0.000611217,0.00030613,0.00126301,0.000633537,0.957825,35.15,05:26,1:16:02
30,3,8,3,absolute,0.1,1,1.07,203,194,0.000608212,0.0003046,0.00161104,0.000809022,0.991924,36.67,06:11,1:20:18
40,3,10,3,absolute,0.1,1,1.07,203,194,0.000607875,0.000304428,0.00158451,0.000795498,0.992134,47.39,05:36,1:16:46
40,3,10,2,absolute,0.1,1,1.07,203,194,0.000607604,0.000304296,0.00160102,0.000803822,0.993159,53.85,05:53,1:17:59
30,3,8,2,absolute,0.1,1,1.07,203,194,0.000607196,0.000304099,0.00163532,0.000821379,0.99328,44.60,06:16,1:20:23
30,5,8,3,absolute,0.1,1,1.07,203,194,0.000606667,0.000303825,0.00161485,0.000810904,0.991865,37.41,05:42,1:18:40
30,0,8,3,absolute,0.1,1,1.07,203,194,0.00060666,0.000303822,0.00161509,0.000811024,0.991878,37.46,05:40,1:21:00
30,0,8,3,deviation,5.,1,1.07,203,193,0.000606523,0.000303774,0.00123866,0.000621286,0.954619,36.94,05:29,1:16:32
30,3,23,3,none,0.001,1,1.08,203,193,0.00060617,0.000303567,0.00140306,0.000704046,0.962621,13.18,05:15,1:33:14
40,0,20,2,none,0.01,1,1.06,203,195,0.000605788,0.00030336,0.00110044,0.000551847,0.960069,28.03,05:22,1:16:24
30,5,8,2,absolute,0.1,1,1.07,203,194,0.000605686,0.000303341,0.00164703,0.00082724,0.992981,45.56,06:08,1:20:07
30,0,8,2,absolute,0.1,1,1.07,203,194,0.00060568,0.000303338,0.00164685,0.000827149,0.992987,45.62,06:43,1:22:13
40,5,10,3,absolute,0.1,1,1.07,203,194,0.00060523,0.000303101,0.00159578,0.000801136,0.992065,49.28,05:48,1:16:56
40,0,10,3,absolute,0.1,1,1.07,203,194,0.000605197,0.000303085,0.00159542,0.000800955,0.992067,49.36,05:35,1:16:56
30,3,23,3,absolute,0.001,1,1.08,203,193,0.000605159,0.000303054,0.00141678,0.000710911,0.963012,13.17,05:15,1:45:06
30,5,23,3,absolute,0.001,1,1.08,203,193,0.000605106,0.000303027,0.0014159,0.000710472,0.963124,13.23,05:08,1:45:08
30,0,23,3,absolute,0.001,1,1.08,203,193,0.000605105,0.000303027,0.00141625,0.000710649,0.963124,13.31,05:42,1:44:18
40,5,10,2,absolute,0.1,1,1.07,203,194,0.000604655,0.000302817,0.00160742,0.00080701,0.993016,56.12,06:11,1:17:41
40,0,10,2,absolute,0.1,1,1.07,203,194,0.000604622,0.000302801,0.00160758,0.000807092,0.993013,56.20,05:48,1:18:29
40,5,20,2,none,0.01,1,1.06,203,195,0.000604469,0.000302699,0.00109947,0.00055136,0.960023,27.35,05:44,1:17:18
30,5,8,2,deviation,5.,1,1.07,203,193,0.0006043,0.000302648,0.00114155,0.000572523,0.948621,40.03,05:47,1:18:51
50,5,25,2,none,0.01,1,1.07,203,193,0.000603839,0.000302402,0.00108467,0.000544473,0.961272,32.24,05:32,1:14:13
50,0,25,2,none,0.01,1,1.07,203,193,0.000603644,0.000302305,0.00108397,0.000544119,0.961295,33.51,05:46,1:11:29
30,3,8,3,none,0.1,1,1.07,203,194,0.000602555,0.000301752,0.00134234,0.000673814,0.983825,33.65,05:12,1:13:15
30,5,8,0,deviation,5.,1,1.07,203,194,0.000602527,0.00030175,0.00113624,0.000569837,0.951607,41.32,05:37,1:15:50
30,5,8,1,deviation,5.,1,1.07,203,194,0.000602527,0.00030175,0.00113624,0.000569837,0.951607,41.32,05:53,1:17:25
30,5,23,3,none,0.001,1,1.08,203,193,0.000601795,0.000301369,0.00141473,0.000709902,0.964251,14.06,05:46,1:35:26
30,0,23,3,none,0.001,1,1.08,203,193,0.000601664,0.000301304,0.00141361,0.000709342,0.964239,14.69,05:05,1:33:23
30,0,8,2,deviation,5.,1,1.07,203,193,0.000600073,0.000300527,0.00113526,0.000569373,0.944535,42.19,05:52,1:16:37
50,3,25,3,deviation,5.,1,1.06,203,195,0.000598773,0.000299882,0.0017457,0.00087707,0.995564,87.23,08:18,1:22:04
50,0,13,3,deviation,5.,1,1.07,203,193,0.000598639,0.000299782,0.00141298,0.000709319,0.980975,87.26,06:36,1:17:13
30,0,8,0,deviation,5.,1,1.07,203,194,0.000598319,0.000299638,0.0011306,0.000567017,0.947607,43.50,05:40,1:17:04
30,0,8,1,deviation,5.,1,1.07,203,194,0.000598319,0.000299638,0.0011306,0.000567017,0.947607,43.50,05:48,1:17:53
50,0,13,2,deviation,5.,1,1.07,203,193,0.000598044,0.000299493,0.00122386,0.00061396,0.970276,98.69,07:16,1:17:42
50,0,13,0,deviation,5.,1,1.07,203,193,0.000598009,0.000299473,0.00123011,0.000617104,0.97256,101.74,07:16,1:19:00
50,0,13,1,deviation,5.,1,1.07,203,193,0.000598009,0.000299473,0.00123011,0.000617104,0.97256,101.74,07:11,1:17:14
50,5,25,3,deviation,5.,1,1.06,203,195,0.000596843,0.000298913,0.00174509,0.000876752,0.995643,88.97,07:36,1:19:39
50,0,25,3,deviation,5.,1,1.06,203,195,0.000595603,0.00029829,0.0017293,0.000868737,0.995741,89.45,07:59,1:22:01
30,3,8,2,none,0.1,1,1.07,203,194,0.000594704,0.000297855,0.00126349,0.000634637,0.98072,45.28,06:46,1:17:05
50,3,25,3,none,0.1,1,1.06,203,195,0.000588042,0.000294478,0.00153827,0.000772245,0.993825,67.32,06:50,1:21:28
40,3,20,3,deviation,5.,1,1.06,203,195,0.000587848,0.000294376,0.0016094,0.000808009,0.994638,60.26,06:27,1:22:15
40,5,20,3,deviation,5.,1,1.06,203,195,0.000587217,0.00029406,0.00160646,0.000806562,0.99458,60.74,06:24,1:22:04
40,0,20,3,deviation,5.,1,1.06,203,195,0.000586764,0.000293833,0.00160317,0.000804912,0.994585,60.97,06:23,1:22:28
50,3,13,1,absolute,0.01,1,1.07,203,194,0.000584928,0.000292896,0.00158827,0.000797239,0.961073,49.29,09:00,1:16:01
50,3,13,0,absolute,0.01,1,1.07,203,194,0.000584928,0.000292896,0.00158827,0.000797239,0.961073,49.29,09:21,1:15:39
50,0,13,1,absolute,0.01,1,1.07,203,194,0.000584803,0.000292834,0.00158378,0.000794975,0.961441,49.73,08:47,1:16:10
50,5,13,0,absolute,0.01,1,1.07,203,194,0.000584803,0.000292834,0.00158366,0.000794916,0.961441,49.63,09:04,1:15:14
50,5,13,1,absolute,0.01,1,1.07,203,194,0.000584803,0.000292834,0.00158366,0.000794916,0.961441,49.63,09:09,1:15:36
50,0,13,0,absolute,0.01,1,1.07,203,194,0.000584803,0.000292834,0.00158378,0.000794975,0.961441,49.73,08:59,1:15:40
50,3,13,2,none,0.1,1,1.06,203,195,0.000583991,0.000292446,0.00115574,0.000579965,0.973258,55.72,06:48,1:17:22
30,3,15,3,deviation,5.,1,1.06,203,195,0.000583847,0.000292367,0.00152718,0.000766502,0.991479,39.84,06:12,1:23:22
30,5,15,3,deviation,5.,1,1.06,203,195,0.000583234,0.000292059,0.00152068,0.000763201,0.991409,39.98,06:13,1:22:59
30,0,15,3,deviation,5.,1,1.06,203,195,0.000583234,0.000292059,0.00152073,0.000763231,0.991409,40.02,06:08,1:20:57
40,3,10,0,absolute,0.001,1,1.08,203,192,0.000582422,0.000291641,0.00133022,0.000667554,0.880881,28.97,08:12,1:14:47
40,3,10,1,absolute,0.001,1,1.08,203,192,0.000582422,0.000291641,0.00133022,0.000667554,0.880881,28.97,08:11,1:13:53
40,5,10,0,absolute,0.001,1,1.08,203,192,0.000582418,0.00029164,0.00134136,0.000673145,0.880982,29.00,08:12,1:13:53
40,0,10,0,absolute,0.001,1,1.08,203,192,0.000582418,0.00029164,0.0013413,0.000673113,0.880982,29.03,08:11,1:15:04
40,0,10,1,absolute,0.001,1,1.08,203,192,0.000582418,0.00029164,0.0013413,0.000673113,0.880982,29.03,08:13,1:14:48
40,5,10,1,absolute,0.001,1,1.08,203,192,0.000582418,0.00029164,0.00134136,0.000673145,0.880982,29.00,08:23,1:13:49
30,5,8,3,none,0.1,1,1.07,203,194,0.000581845,0.000291365,0.00141862,0.000712207,0.979707,49.57,06:37,1:16:43
40,3,30,3,none,0.01,1,1.06,203,195,0.000581406,0.000291141,0.00147443,0.000740224,0.990662,33.61,05:45,1:28:35
40,3,10,2,none,0.1,1,1.06,203,195,0.000581196,0.000291042,0.00116187,0.000583016,0.978572,50.11,06:08,1:19:00
40,3,30,3,absolute,0.01,1,1.06,203,195,0.00058096,0.000290918,0.00154456,0.000775402,0.991036,35.66,05:49,1:37:25
40,5,30,3,absolute,0.01,1,1.06,203,195,0.000580676,0.000290775,0.00154113,0.000773653,0.990906,35.99,06:05,1:38:02
40,0,30,3,absolute,0.01,1,1.06,203,195,0.000580676,0.000290775,0.00154128,0.000773726,0.990906,36.08,06:07,1:37:11
40,3,10,3,none,0.1,1,1.06,203,195,0.000580322,0.000290586,0.00122355,0.000613953,0.985782,39.20,05:21,1:16:06
50,3,38,3,absolute,0.01,1,1.06,203,195,0.000580228,0.000290548,0.0015802,0.000793361,0.993924,47.65,06:16,1:34:33
50,5,38,3,absolute,0.01,1,1.06,203,195,0.000580148,0.000290508,0.00157838,0.000792441,0.993922,48.42,06:11,1:35:17
50,0,38,3,absolute,0.01,1,1.06,203,195,0.000580146,0.000290507,0.00157833,0.000792416,0.993916,48.54,06:35,1:34:28
30,5,8,2,none,0.1,1,1.07,203,194,0.000578664,0.000289796,0.00131935,0.000662496,0.976018,65.36,07:40,1:22:28
50,3,38,2,absolute,0.01,1,1.06,203,195,0.000578264,0.000289563,0.00160653,0.000806656,0.994467,52.25,06:17,1:35:50
40,3,20,3,none,0.1,1,1.06,203,195,0.000578205,0.000289537,0.00159912,0.000803099,0.994853,58.66,07:13,1:25:49
30,0,8,3,none,0.1,1,1.07,203,194,0.000578058,0.000289464,0.00128526,0.000644572,0.963558,73.03,06:53,1:16:21
50,5,38,2,absolute,0.01,1,1.06,203,195,0.000577924,0.000289392,0.00160386,0.000805303,0.994425,53.12,06:23,1:37:17
50,0,38,2,absolute,0.01,1,1.06,203,195,0.000577922,0.000289391,0.00160342,0.000805086,0.994412,53.24,06:32,1:35:19
40,3,10,1,absolute,0.01,1,1.07,203,193,0.000577727,0.000289287,0.00153282,0.000769327,0.955401,49.30,09:53,1:17:52
40,3,10,0,absolute,0.01,1,1.07,203,193,0.000577727,0.000289287,0.00153282,0.000769327,0.955401,49.30,09:53,1:16:56
40,0,10,1,absolute,0.01,1,1.07,203,193,0.000577698,0.000289273,0.00153948,0.000772672,0.955469,49.51,09:39,1:17:33
40,5,10,0,absolute,0.01,1,1.07,203,193,0.000577698,0.000289273,0.00153951,0.000772689,0.955469,49.48,09:48,1:17:06
40,0,10,0,absolute,0.01,1,1.07,203,193,0.000577698,0.000289273,0.00153948,0.000772672,0.955469,49.51,09:41,1:18:13
40,5,10,1,absolute,0.01,1,1.07,203,193,0.000577698,0.000289273,0.00153951,0.000772689,0.955469,49.48,09:47,1:18:01
30,3,15,2,none,0.01,1,1.07,203,193,0.000577443,0.000289149,0.00105336,0.000528183,0.950945,22.31,05:23,1:18:23
50,3,25,0,absolute,0.001,1,1.06,203,195,0.000577226,0.000289038,0.00142653,0.000716085,0.914395,36.10,09:06,1:18:01
50,3,25,1,absolute,0.001,1,1.06,203,195,0.000577226,0.000289038,0.00142653,0.000716085,0.914395,36.10,08:55,1:17:51
50,0,25,1,absolute,0.001,1,1.06,203,195,0.000577225,0.000289038,0.0014261,0.000715869,0.914599,36.30,08:56,1:18:58
50,5,25,0,absolute,0.001,1,1.06,203,195,0.000577225,0.000289038,0.00142608,0.000715857,0.914599,36.17,08:46,1:17:18
50,0,25,0,absolute,0.001,1,1.06,203,195,0.000577225,0.000289038,0.0014261,0.000715869,0.914599,36.30,09:01,1:17:35
50,5,25,1,absolute,0.001,1,1.06,203,195,0.000577225,0.000289038,0.00142608,0.000715857,0.914599,36.17,08:38,1:18:36
30,3,15,3,none,0.1,1,1.06,203,195,0.000577209,0.000289035,0.0015149,0.0007603,0.993951,47.77,06:38,1:22:53
30,0,8,2,none,0.1,1,1.07,203,194,0.000577045,0.000288982,0.00117145,0.000587642,0.954701,97.63,09:01,1:22:55
40,3,20,3,absolute,0.1,1,1.06,203,195,0.000576986,0.000288921,0.00170543,0.000856233,0.994982,76.03,08:14,1:28:53
40,3,30,2,absolute,0.01,1,1.06,203,195,0.000576701,0.000288785,0.00157055,0.000788572,0.99224,41.02,06:05,1:41:20
30,0,23,2,deviation,0.1,1,1.51,203,176,0.000576531,0.000288699,0.000813737,0.000407667,0.581512,4.51,05:13,1:37:56
30,5,23,2,deviation,0.1,1,1.51,203,176,0.000576531,0.000288699,0.00081424,0.000407919,0.581512,4.31,04:53,1:36:18
30,3,23,2,deviation,0.1,1,1.51,203,176,0.000576531,0.000288699,0.00081364,0.000407618,0.581512,3.98,05:12,1:36:19
40,5,30,2,absolute,0.01,1,1.06,203,195,0.000576467,0.000288668,0.00156544,0.000785986,0.992085,41.42,06:16,1:38:18
40,0,30,2,absolute,0.01,1,1.06,203,195,0.000576467,0.000288668,0.00156555,0.000786044,0.992085,41.51,06:34,1:38:58
40,3,20,1,deviation,5.,1,1.06,203,195,0.000576327,0.000288591,0.00137742,0.000691177,0.990141,69.79,07:09,1:21:36
40,3,20,0,deviation,5.,1,1.06,203,195,0.000576327,0.000288591,0.00137742,0.000691177,0.990141,69.79,07:00,1:21:47
40,5,20,1,deviation,5.,1,1.06,203,195,0.000576126,0.00028849,0.00137416,0.000689546,0.990159,70.36,07:12,1:24:50
40,5,20,0,deviation,5.,1,1.06,203,195,0.000576126,0.00028849,0.00137416,0.000689546,0.990159,70.36,07:02,1:22:47
50,3,25,3,absolute,0.1,1,1.06,203,195,0.000575945,0.000288396,0.00161406,0.000810081,0.995416,99.23,08:53,1:27:25
40,0,20,0,deviation,5.,1,1.06,203,195,0.000575789,0.000288321,0.00137204,0.000688481,0.990161,70.76,06:50,1:22:28
40,0,20,1,deviation,5.,1,1.06,203,195,0.000575789,0.000288321,0.00137204,0.000688481,0.990161,70.76,06:58,1:21:52
40,3,20,2,absolute,0.1,1,1.06,203,195,0.000575148,0.000287999,0.0017671,0.0008874,0.995595,86.67,08:32,1:29:41
40,5,20,3,absolute,0.1,1,1.06,203,195,0.000574775,0.000287812,0.00171364,0.000860467,0.994965,79.21,07:55,1:28:16
40,0,20,3,absolute,0.1,1,1.06,203,195,0.000574763,0.000287806,0.00171311,0.0008602,0.994955,79.33,07:44,1:28:46
30,3,23,2,absolute,0.001,1,1.07,203,194,0.000574763,0.0002878,0.00134545,0.000674902,0.974553,16.26,05:39,1:45:33
30,0,23,2,absolute,0.001,1,1.07,203,194,0.000574748,0.000287792,0.00134562,0.000674989,0.974597,16.41,05:46,1:44:42
30,5,23,2,absolute,0.001,1,1.07,203,194,0.000574748,0.000287792,0.0013459,0.000675126,0.974597,16.33,05:32,1:45:42
50,3,25,2,absolute,0.1,1,1.06,203,195,0.000574385,0.000287615,0.00162129,0.000813694,0.995811,108.47,09:14,1:29:45
50,5,25,3,absolute,0.1,1,1.06,203,195,0.00057416,0.0002875,0.00162507,0.000815615,0.995125,106.85,09:22,1:28:56
50,0,25,3,absolute,0.1,1,1.06,203,195,0.000574126,0.000287483,0.00162442,0.000815286,0.995095,107.24,09:18,1:29:22
50,3,38,1,deviation,0.01,1,5.61,203,146,0.000573955,0.0002874,0.000816617,0.000409001,0.318138,3.65,05:49,1:20:44
50,0,38,1,deviation,0.01,1,5.61,203,146,0.000573955,0.0002874,0.000817428,0.000409411,0.318138,8.82,05:40,1:21:56
50,5,38,0,deviation,0.01,1,5.61,203,146,0.000573955,0.0002874,0.000817531,0.000409463,0.318138,4.49,05:48,1:21:08
50,0,38,0,deviation,0.01,1,5.61,203,146,0.000573955,0.0002874,0.000817428,0.000409411,0.318138,8.82,06:16,1:21:00
50,5,38,1,deviation,0.01,1,5.61,203,146,0.000573955,0.0002874,0.000817531,0.000409463,0.318138,4.49,05:37,1:20:46
50,3,38,0,deviation,0.01,1,5.61,203,146,0.000573955,0.0002874,0.000816617,0.000409001,0.318138,3.65,06:19,1:20:05
50,0,38,2,deviation,0.01,1,5.72,203,145,0.000573916,0.00028738,0.000817522,0.000409456,0.315048,8.81,06:06,1:20:46
50,5,38,2,deviation,0.01,1,5.72,203,145,0.000573916,0.00028738,0.000817511,0.000409451,0.315048,4.49,06:07,1:21:01
50,3,38,2,deviation,0.01,1,5.72,203,145,0.000573916,0.00028738,0.000817634,0.000409511,0.315048,3.64,06:19,1:23:21
40,3,20,2,deviation,5.,1,1.06,203,195,0.000573889,0.000287366,0.00137715,0.000691024,0.988835,67.77,07:01,1:21:33
40,5,20,2,deviation,5.,1,1.06,203,195,0.000573675,0.000287259,0.00137101,0.000687942,0.98892,68.33,07:11,1:23:50
30,5,23,1,deviation,0.1,1,1.4,203,179,0.000573527,0.000287188,0.000812985,0.000407179,0.609283,4.41,04:51,1:36:06
30,0,23,1,deviation,0.1,1,1.4,203,179,0.000573527,0.000287188,0.000813131,0.000407252,0.609283,4.62,05:16,1:37:57
30,3,23,1,deviation,0.1,1,1.4,203,179,0.000573527,0.000287188,0.000813269,0.000407322,0.609283,4.08,05:04,1:36:54
30,3,23,0,deviation,0.1,1,1.4,203,179,0.000573527,0.000287188,0.000813269,0.000407322,0.609283,4.08,05:02,1:35:39
30,5,23,0,deviation,0.1,1,1.4,203,179,0.000573527,0.000287188,0.000812985,0.000407179,0.609283,4.41,04:55,1:36:06
30,0,23,0,deviation,0.1,1,1.4,203,179,0.000573527,0.000287188,0.000813131,0.000407252,0.609283,4.62,05:03,1:35:59
40,0,20,2,deviation,5.,1,1.06,203,195,0.00057334,0.000287091,0.00136877,0.000686818,0.988922,68.71,06:55,1:22:45
30,3,15,3,absolute,0.1,1,1.06,203,195,0.000573277,0.000287065,0.00154375,0.000774711,0.993649,55.52,07:20,1:29:16
30,3,15,2,deviation,5.,1,1.06,203,195,0.00057323,0.00028704,0.00136312,0.000684045,0.985032,44.91,06:41,1:23:43
40,5,20,2,absolute,0.1,1,1.06,203,195,0.000572921,0.000286882,0.00175285,0.000880176,0.995499,90.46,08:31,1:31:01
40,0,20,2,absolute,0.1,1,1.06,203,195,0.00057291,0.000286877,0.00175262,0.000880062,0.995487,90.59,08:09,1:31:12
30,5,15,2,none,0.01,1,1.07,203,193,0.000572866,0.000286854,0.00106967,0.000536351,0.955931,24.52,05:34,1:17:26
30,0,15,2,none,0.01,1,1.07,203,193,0.000572816,0.000286829,0.00106974,0.000536387,0.955947,24.78,05:55,1:17:51
30,5,15,2,deviation,5.,1,1.06,203,195,0.000572725,0.000286787,0.00135833,0.000681609,0.985015,45.08,06:38,1:24:18
30,0,15,2,deviation,5.,1,1.06,203,195,0.000572725,0.000286787,0.00135834,0.000681611,0.985016,45.14,06:29,1:22:15
30,5,15,3,absolute,0.1,1,1.06,203,195,0.000572482,0.000286666,0.00154983,0.000777747,0.993463,56.61,07:15,1:29:54
30,0,15,3,absolute,0.1,1,1.06,203,195,0.000572482,0.000286665,0.00154969,0.000777678,0.993472,56.69,08:00,1:30:27
50,3,25,0,absolute,0.01,1,1.07,203,194,0.000572349,0.000286593,0.00165732,0.00083193,0.972921,74.58,12:20,1:23:25
50,3,25,1,absolute,0.01,1,1.07,203,194,0.000572349,0.000286593,0.00165732,0.00083193,0.972921,74.58,12:20,1:24:10
50,5,25,0,absolute,0.01,1,1.07,203,194,0.000572306,0.000286571,0.00166048,0.000833511,0.973135,75.13,11:56,1:23:04
50,5,25,1,absolute,0.01,1,1.07,203,194,0.000572306,0.000286571,0.00166048,0.000833511,0.973135,75.13,12:09,1:24:02
50,0,25,1,absolute,0.01,1,1.07,203,194,0.000572306,0.000286571,0.0016605,0.000833525,0.973135,75.26,11:59,1:25:36
50,0,25,0,absolute,0.01,1,1.07,203,194,0.000572306,0.000286571,0.0016605,0.000833525,0.973135,75.26,12:07,1:25:12
50,3,38,3,none,0.01,1,1.06,203,195,0.000572291,0.000286564,0.00146458,0.000734947,0.992542,41.34,06:18,1:29:10
50,3,38,1,absolute,0.001,1,1.07,203,194,0.000572272,0.000286553,0.00160659,0.000806616,0.956764,62.37,11:38,1:38:50
50,3,38,0,absolute,0.001,1,1.07,203,194,0.000572272,0.000286553,0.00160659,0.000806616,0.956764,62.37,11:45,1:38:57
50,5,38,1,absolute,0.001,1,1.07,203,194,0.000572271,0.000286552,0.00160722,0.000806931,0.956764,62.51,11:57,1:38:53
50,0,38,1,absolute,0.001,1,1.07,203,194,0.000572271,0.000286552,0.00160722,0.000806931,0.956764,62.63,12:24,1:40:00
50,5,38,0,absolute,0.001,1,1.07,203,194,0.000572271,0.000286552,0.00160722,0.000806931,0.956764,62.51,11:32,1:39:07
50,0,38,0,absolute,0.001,1,1.07,203,194,0.000572271,0.000286552,0.00160722,0.000806931,0.956764,62.63,12:17,1:38:20
40,5,30,3,none,0.01,1,1.06,203,195,0.000571413,0.000286129,0.00153375,0.000769945,0.991264,40.13,06:09,1:28:19
40,0,30,3,none,0.01,1,1.06,203,195,0.000571362,0.000286103,0.00154061,0.000773382,0.991228,41.32,06:17,1:28:25
30,3,15,1,deviation,5.,1,1.06,203,195,0.000569992,0.000285415,0.00135573,0.000680332,0.985697,46.31,06:40,1:24:08
30,3,15,0,deviation,5.,1,1.06,203,195,0.000569992,0.000285415,0.00135573,0.000680332,0.985697,46.31,06:39,1:24:12
30,3,15,2,absolute,0.1,1,1.06,203,195,0.000569806,0.000285322,0.00163003,0.000818119,0.994621,67.67,08:17,1:30:27
30,5,15,0,deviation,5.,1,1.06,203,195,0.000569493,0.000285164,0.00135091,0.000677881,0.985679,46.49,06:31,1:22:58
30,5,15,1,deviation,5.,1,1.06,203,195,0.000569493,0.000285164,0.00135091,0.000677881,0.985679,46.49,06:33,1:23:23
30,0,15,0,deviation,5.,1,1.06,203,195,0.000569493,0.000285164,0.00135096,0.000677909,0.985679,46.56,06:38,1:24:15
30,0,15,1,deviation,5.,1,1.06,203,195,0.000569493,0.000285164,0.00135096,0.000677909,0.985679,46.56,06:38,1:23:44
30,5,15,2,absolute,0.1,1,1.06,203,195,0.000569086,0.000284961,0.00163122,0.000818705,0.994466,69.07,08:04,1:31:51
30,0,15,2,absolute,0.1,1,1.06,203,195,0.000569086,0.000284961,0.00163147,0.000818833,0.994474,69.17,08:07,1:31:19
50,3,25,1,deviation,5.,1,1.06,203,195,0.000565889,0.000283353,0.00141277,0.000708961,0.993008,100.42,08:58,1:23:41
50,3,25,0,deviation,5.,1,1.06,203,195,0.000565889,0.000283353,0.00141277,0.000708961,0.993008,100.42,08:48,1:22:46
50,3,25,2,deviation,5.,1,1.06,203,195,0.000565512,0.000283165,0.00141494,0.000710064,0.992429,97.67,08:29,1:20:58
50,5,13,2,none,0.1,1,1.06,203,195,0.000565276,0.000283055,0.00125888,0.000631556,0.976772,105.15,09:31,1:24:34
50,5,25,0,deviation,5.,1,1.06,203,195,0.000565059,0.000282937,0.00141601,0.000710584,0.993064,102.36,09:03,1:24:07
50,5,25,1,deviation,5.,1,1.06,203,195,0.000565059,0.000282937,0.00141601,0.000710584,0.993064,102.36,09:06,1:22:03
50,5,25,2,deviation,5.,1,1.06,203,195,0.000564993,0.000282904,0.00142109,0.000713151,0.992541,99.57,09:02,1:23:21
50,5,38,3,none,0.01,1,1.06,203,195,0.000564443,0.000282629,0.00152229,0.00076412,0.993767,53.06,06:22,1:27:50
50,0,38,3,none,0.01,1,1.06,203,195,0.000564351,0.000282583,0.00152274,0.000764344,0.993732,61.21,06:32,1:27:24
50,0,25,1,deviation,5.,1,1.06,203,195,0.000564278,0.000282546,0.00140531,0.000705138,0.993045,103.17,09:12,1:21:34
50,0,25,0,deviation,5.,1,1.06,203,195,0.000564278,0.000282546,0.00140531,0.000705138,0.993045,103.17,09:00,1:22:46
50,0,25,2,deviation,5.,1,1.06,203,195,0.000564134,0.000282473,0.0014098,0.000707405,0.992521,100.36,09:00,1:24:34
30,5,15,3,none,0.1,1,1.06,203,195,0.000564086,0.000282452,0.00154575,0.00077561,0.993712,65.22,08:04,1:26:28
40,5,20,3,none,0.1,1,1.06,203,195,0.000563948,0.000282383,0.0016776,0.000842279,0.995122,94.12,08:52,1:26:28
30,0,15,3,none,0.1,1,1.06,203,195,0.000563841,0.000282329,0.00154483,0.000775141,0.993647,66.29,07:47,1:30:34
40,0,20,3,none,0.1,1,1.06,203,195,0.000563608,0.000282213,0.00168867,0.000847853,0.994992,96.78,08:55,1:31:48
50,0,38,2,deviation,0.1,1,2.12,203,185,0.000563435,0.000282123,0.000759155,0.000380216,0.562939,12.60,05:00,1:21:12
50,5,38,2,deviation,0.1,1,2.12,203,185,0.000563435,0.000282123,0.000759204,0.000380241,0.562939,7.93,06:44,1:21:53
50,3,38,2,deviation,0.1,1,2.12,203,185,0.000563435,0.000282123,0.000759168,0.000380223,0.562939,6.96,06:59,1:21:06
50,0,38,1,deviation,0.1,1,1.47,203,186,0.000563344,0.000282077,0.00073966,0.000370359,0.58885,12.81,05:02,1:21:58
50,5,38,0,deviation,0.1,1,1.47,203,186,0.000563344,0.000282077,0.00073963,0.000370344,0.58885,8.12,06:56,1:22:42
50,0,38,0,deviation,0.1,1,1.47,203,186,0.000563344,0.000282077,0.00073966,0.000370359,0.58885,12.81,05:00,1:20:46
50,3,38,1,deviation,0.1,1,1.47,203,186,0.000563344,0.000282077,0.000739661,0.00037036,0.58885,7.15,06:47,1:22:04
50,3,38,0,deviation,0.1,1,1.47,203,186,0.000563344,0.000282077,0.000739661,0.00037036,0.58885,7.15,06:57,1:21:49
50,5,38,1,deviation,0.1,1,1.47,203,186,0.000563344,0.000282077,0.00073963,0.000370344,0.58885,8.12,06:49,1:22:54
40,5,10,2,none,0.1,1,1.07,203,194,0.000562775,0.000281801,0.00120389,0.000603993,0.977308,83.38,08:05,1:22:28
30,3,8,0,absolute,0.001,1,1.08,203,192,0.000562353,0.000281579,0.00137735,0.00069141,0.89807,35.39,11:45,1:20:46
30,3,8,1,absolute,0.001,1,1.08,203,192,0.000562353,0.000281579,0.00137735,0.00069141,0.89807,35.39,09:53,1:20:26
30,0,8,1,absolute,0.001,1,1.08,203,192,0.000562342,0.000281574,0.00137726,0.000691366,0.89839,35.46,09:35,1:20:41
30,5,8,1,absolute,0.001,1,1.08,203,192,0.000562342,0.000281574,0.00137726,0.000691365,0.89839,35.43,10:15,1:18:18
30,0,8,0,absolute,0.001,1,1.08,203,192,0.000562342,0.000281574,0.00137726,0.000691366,0.89839,35.46,09:57,1:22:13
30,5,8,0,absolute,0.001,1,1.08,203,192,0.000562342,0.000281574,0.00137726,0.000691365,0.89839,35.43,09:52,1:18:30
40,3,20,1,absolute,0.001,1,1.06,203,195,0.000562135,0.000281468,0.00139733,0.000701214,0.920435,39.85,09:50,1:22:31
40,3,20,0,absolute,0.001,1,1.06,203,195,0.000562135,0.000281468,0.00139733,0.000701214,0.920435,39.85,09:46,1:22:07
40,0,20,1,absolute,0.001,1,1.06,203,195,0.000562133,0.000281467,0.00139731,0.000701205,0.920469,39.97,10:00,1:22:42
40,5,20,0,absolute,0.001,1,1.06,203,195,0.000562133,0.000281467,0.00139731,0.000701204,0.920469,39.91,09:45,1:25:27
40,0,20,0,absolute,0.001,1,1.06,203,195,0.000562133,0.000281467,0.00139731,0.000701205,0.920469,39.97,10:03,1:23:29
40,5,20,1,absolute,0.001,1,1.06,203,195,0.000562133,0.000281467,0.00139731,0.000701204,0.920469,39.91,09:27,1:23:36
50,5,13,3,none,0.1,1,1.06,203,195,0.000561718,0.000281264,0.00136633,0.000685617,0.985982,87.54,08:21,1:16:04
40,3,20,1,absolute,0.01,1,1.06,203,195,0.00056097,0.000280885,0.00167272,0.000839687,0.970637,72.84,13:42,1:29:09
40,3,20,0,absolute,0.01,1,1.06,203,195,0.00056097,0.000280885,0.00167272,0.000839687,0.970637,72.84,13:38,1:28:20
40,3,30,1,absolute,0.001,1,1.07,203,194,0.000560906,0.000280852,0.00150298,0.000754344,0.954855,64.10,12:38,1:45:17
40,3,30,0,absolute,0.001,1,1.07,203,194,0.000560906,0.000280852,0.00150298,0.000754344,0.954855,64.10,12:39,1:44:02
40,5,30,0,absolute,0.001,1,1.07,203,194,0.000560902,0.000280851,0.0015039,0.00075481,0.954807,64.21,12:29,1:44:28
40,0,30,1,absolute,0.001,1,1.07,203,194,0.000560902,0.000280851,0.0015039,0.000754807,0.954807,64.32,12:53,1:43:19
40,0,30,0,absolute,0.001,1,1.07,203,194,0.000560902,0.000280851,0.0015039,0.000754807,0.954807,64.32,12:48,1:44:14
40,5,30,1,absolute,0.001,1,1.07,203,194,0.000560902,0.000280851,0.0015039,0.00075481,0.954807,64.21,12:39,1:44:39
40,5,20,0,absolute,0.01,1,1.06,203,195,0.000560891,0.000280845,0.00166687,0.000836714,0.970694,73.13,12:55,1:29:40
40,0,20,0,absolute,0.01,1,1.06,203,195,0.000560891,0.000280845,0.00166682,0.000836691,0.970694,73.20,13:12,1:28:03
40,5,20,1,absolute,0.01,1,1.06,203,195,0.000560891,0.000280845,0.00166687,0.000836714,0.970694,73.13,12:53,1:28:35
40,0,20,1,absolute,0.01,1,1.06,203,195,0.000560891,0.000280845,0.00166682,0.000836691,0.970694,73.20,13:09,1:28:17
30,3,8,1,absolute,0.01,1,1.07,203,193,0.000560782,0.000280791,0.00159774,0.000802017,0.952213,55.66,12:16,1:23:01
30,3,8,0,absolute,0.01,1,1.07,203,193,0.000560782,0.000280791,0.00159774,0.000802017,0.952213,55.66,12:22,1:23:51
30,5,8,0,absolute,0.01,1,1.07,203,193,0.000560751,0.000280776,0.00159739,0.000801841,0.952204,55.78,12:22,1:22:54
30,0,8,1,absolute,0.01,1,1.07,203,193,0.000560751,0.000280776,0.00159736,0.000801826,0.952204,55.82,12:43,1:26:13
30,0,8,0,absolute,0.01,1,1.07,203,193,0.000560751,0.000280776,0.00159736,0.000801826,0.952204,55.82,12:01,1:23:24
30,5,8,1,absolute,0.01,1,1.07,203,193,0.000560751,0.000280776,0.00159739,0.000801841,0.952204,55.78,12:38,1:21:28
30,3,23,3,absolute,0.01,1,1.06,203,195,0.000560212,0.000280507,0.00155479,0.000780451,0.987551,33.96,06:47,1:49:52
40,3,20,2,none,0.1,1,1.06,203,195,0.000560162,0.000280483,0.00132987,0.000667575,0.98612,75.84,07:48,1:30:24
40,5,10,3,none,0.1,1,1.07,203,194,0.000560131,0.000280465,0.00124703,0.000625617,0.983651,67.07,07:22,1:16:25
30,0,23,3,absolute,0.01,1,1.06,203,195,0.000560056,0.000280429,0.00155614,0.000781131,0.987513,34.24,07:25,1:50:20
30,5,23,3,absolute,0.01,1,1.06,203,195,0.000560056,0.000280429,0.00155749,0.00078181,0.987506,34.14,06:57,1:50:34
30,3,23,3,none,0.01,1,1.06,203,195,0.000559059,0.000279929,0.00152046,0.000763159,0.987757,32.84,06:30,1:40:46
50,3,25,2,none,0.1,1,1.06,203,195,0.00055733,0.000279059,0.0011774,0.000590586,0.984909,84.54,09:10,1:22:05
30,3,23,2,absolute,0.01,1,1.06,203,195,0.000557097,0.000278943,0.00161293,0.000809543,0.990214,41.46,07:15,1:50:46
30,5,23,2,absolute,0.01,1,1.06,203,195,0.000557006,0.000278898,0.00161949,0.000812862,0.99021,41.70,07:10,1:50:19
30,0,23,2,absolute,0.01,1,1.06,203,195,0.000557006,0.000278898,0.0016168,0.000811514,0.990212,41.79,07:45,1:50:13
30,3,15,2,none,0.1,1,1.06,203,195,0.000556906,0.000278849,0.00129506,0.000649885,0.986867,65.03,08:09,1:25:13
30,5,23,3,none,0.01,1,1.06,203,195,0.000555511,0.00027815,0.00153324,0.000769507,0.988052,37.21,07:06,1:36:51
30,0,23,3,none,0.01,1,1.06,203,195,0.00055547,0.000278129,0.00153159,0.000768684,0.988012,37.90,06:46,1:37:38
30,3,15,0,absolute,0.001,1,1.07,203,194,0.000555395,0.00027809,0.00144095,0.000723269,0.925612,46.28,11:32,1:28:39
30,3,15,1,absolute,0.001,1,1.07,203,194,0.000555395,0.00027809,0.00144095,0.000723269,0.925612,46.28,11:29,1:30:14
30,5,15,0,absolute,0.001,1,1.07,203,194,0.000555395,0.00027809,0.00144104,0.000723311,0.925507,46.33,11:11,1:29:26
30,0,15,1,absolute,0.001,1,1.07,203,194,0.000555395,0.00027809,0.00144084,0.000723208,0.925507,46.40,11:12,1:28:49
30,0,15,0,absolute,0.001,1,1.07,203,194,0.000555395,0.00027809,0.00144084,0.000723208,0.925507,46.40,11:11,1:29:10
30,5,15,1,absolute,0.001,1,1.07,203,194,0.000555395,0.00027809,0.00144104,0.000723311,0.925507,46.33,11:04,1:29:24
30,3,15,0,absolute,0.01,1,1.07,203,194,0.00055472,0.000277752,0.00164,0.000823421,0.96488,76.66,16:02,1:34:04
30,3,15,1,absolute,0.01,1,1.07,203,194,0.00055472,0.000277752,0.00164,0.000823421,0.96488,76.66,15:55,1:33:37
30,0,15,0,absolute,0.01,1,1.07,203,194,0.000554717,0.00027775,0.00164016,0.000823503,0.96486,76.91,15:37,1:32:23
30,5,15,0,absolute,0.01,1,1.07,203,194,0.000554717,0.00027775,0.00164011,0.000823479,0.96486,76.83,15:28,1:34:23
30,0,15,1,absolute,0.01,1,1.07,203,194,0.000554717,0.00027775,0.00164016,0.000823503,0.96486,76.91,16:23,1:33:42
30,5,15,1,absolute,0.01,1,1.07,203,194,0.000554717,0.00027775,0.00164011,0.000823479,0.96486,76.83,15:32,1:35:44
30,3,23,0,absolute,0.001,1,1.06,203,195,0.000554539,0.00027766,0.00163923,0.000823203,0.959112,75.67,15:51,2:02:35
30,3,23,1,absolute,0.001,1,1.06,203,195,0.000554539,0.00027766,0.00163923,0.000823203,0.959112,75.67,15:19,1:59:14
30,0,23,1,absolute,0.001,1,1.06,203,195,0.000554538,0.00027766,0.00163744,0.000822307,0.959187,75.89,17:16,2:01:07
30,5,23,1,absolute,0.001,1,1.06,203,195,0.000554538,0.00027766,0.00163822,0.000822697,0.959187,75.78,15:07,2:01:08
30,0,23,0,absolute,0.001,1,1.06,203,195,0.000554538,0.00027766,0.00163744,0.000822307,0.959187,75.89,16:22,1:58:23
30,5,23,0,absolute,0.001,1,1.06,203,195,0.000554538,0.00027766,0.00163822,0.000822697,0.959187,75.78,15:02,2:00:49
40,0,30,2,deviation,0.1,1,1.39,203,182,0.000554221,0.000277501,0.000715862,0.000358431,0.540107,6.18,05:08,1:25:18
40,3,30,2,deviation,0.1,1,1.39,203,182,0.000554221,0.000277501,0.000715596,0.000358297,0.540107,5.19,04:53,1:25:49
40,5,30,2,deviation,0.1,1,1.39,203,182,0.000554221,0.000277501,0.000715705,0.000358352,0.540107,5.45,05:00,1:25:10
40,5,30,0,deviation,0.1,1,1.35,203,185,0.00055422,0.000277501,0.00071657,0.000358788,0.564007,5.59,04:59,1:25:51
40,5,30,1,deviation,0.1,1,1.35,203,185,0.00055422,0.000277501,0.00071657,0.000358788,0.564007,5.59,04:56,1:25:31
40,3,30,1,deviation,0.1,1,1.35,203,185,0.00055422,0.000277501,0.000716603,0.000358805,0.564007,5.33,05:08,1:25:44
40,3,30,0,deviation,0.1,1,1.35,203,185,0.00055422,0.000277501,0.000716603,0.000358805,0.564007,5.33,04:59,1:25:52
40,0,30,1,deviation,0.1,1,1.35,203,185,0.00055422,0.000277501,0.00071692,0.000358963,0.564007,6.32,05:08,1:25:01
40,0,30,0,deviation,0.1,1,1.35,203,185,0.00055422,0.000277501,0.00071692,0.000358963,0.564007,6.32,05:04,1:27:36
50,3,25,1,none,0.001,1,1.27,203,190,0.000553002,0.000276889,0.000979198,0.000490941,0.721649,64.94,10:33,1:21:46
50,5,25,1,none,0.001,1,1.26,203,191,0.000552891,0.000276834,0.000984258,0.000493485,0.730827,66.66,10:21,1:22:53
50,0,25,1,none,0.001,1,1.26,203,191,0.000552891,0.000276834,0.000984289,0.000493501,0.73086,67.60,12:24,1:24:24
30,5,15,2,none,0.1,1,1.06,203,195,0.000552778,0.000276779,0.00141719,0.000711111,0.989138,86.94,10:06,1:28:53
30,0,15,2,none,0.1,1,1.06,203,195,0.000552662,0.000276721,0.00141708,0.000711057,0.989072,88.40,09:56,1:35:02
30,3,23,3,deviation,5.,1,1.06,203,195,0.000550794,0.000275783,0.0016649,0.000835649,0.992697,86.98,11:47,1:52:38
30,5,23,3,deviation,5.,1,1.06,203,195,0.000550767,0.000275769,0.00166397,0.000835178,0.992637,87.48,11:19,1:51:31
30,0,23,3,deviation,5.,1,1.06,203,195,0.000550674,0.000275723,0.00166339,0.000834891,0.992637,87.71,11:35,1:52:49
30,3,23,2,none,0.001,1,1.06,203,195,0.000550184,0.000275477,0.00112953,0.00056662,0.940077,22.04,06:10,1:35:43
30,5,23,2,none,0.001,1,1.06,203,195,0.000550166,0.000275468,0.00114772,0.000575768,0.943511,23.23,06:19,1:36:03
30,0,23,2,none,0.001,1,1.06,203,195,0.000550102,0.000275436,0.00114758,0.000575698,0.943509,24.04,06:22,1:38:32
50,3,13,1,none,0.001,1,1.18,203,188,0.000550042,0.000275404,0.00098895,0.0004959,0.567412,54.81,09:49,1:14:01
40,3,20,1,none,0.001,1,1.08,203,192,0.00054978,0.000275273,0.000985011,0.000493871,0.744666,69.19,11:42,1:31:23
50,5,13,1,none,0.001,1,1.17,203,188,0.000549746,0.000275256,0.00097337,0.000488081,0.546087,64.52,10:55,1:15:26
50,0,13,1,none,0.001,1,1.17,203,188,0.000549746,0.000275256,0.000945213,0.00047397,0.500703,100.31,14:17,1:19:02
40,5,20,1,none,0.001,1,1.08,203,192,0.000549712,0.000275239,0.00100929,0.00050606,0.753256,70.65,11:32,1:25:13
40,0,20,1,none,0.001,1,1.08,203,192,0.000549712,0.000275239,0.00100931,0.000506069,0.753285,71.32,11:38,1:24:46
30,3,23,3,none,0.1,1,1.06,203,195,0.000549289,0.000275028,0.001657,0.000831612,0.994968,101.32,11:22,2:01:06
50,3,13,1,none,0.01,1,1.07,203,194,0.000549012,0.000274889,0.00111784,0.00056076,0.811211,90.10,14:37,1:24:20
40,3,30,2,none,0.001,1,1.07,203,194,0.000548845,0.000274806,0.000950958,0.000476883,0.908079,20.28,05:47,1:24:37
40,5,30,2,none,0.001,1,1.07,203,194,0.000548797,0.000274781,0.000961178,0.000481989,0.913983,21.52,06:13,1:27:20
40,0,30,2,none,0.001,1,1.07,203,194,0.000548776,0.000274771,0.000961248,0.000482024,0.913994,22.98,05:47,1:26:12
50,5,13,1,none,0.01,1,1.07,203,194,0.00054873,0.000274748,0.00111828,0.000560968,0.809036,108.27,16:37,1:21:42
50,3,38,2,none,0.001,1,1.11,203,193,0.000548559,0.000274662,0.000993045,0.00049817,0.910025,22.36,05:46,1:20:32
50,0,38,2,none,0.001,1,1.1,203,193,0.000548515,0.00027464,0.000997092,0.000500145,0.91678,31.71,06:22,1:20:50
50,5,38,2,none,0.001,1,1.1,203,193,0.000548515,0.00027464,0.000996557,0.000499877,0.916709,24.61,06:04,1:23:24
30,3,8,1,none,0.001,1,1.15,203,189,0.000548384,0.000274575,0.000932195,0.000467134,0.669955,65.75,11:11,1:25:48
30,0,8,1,none,0.001,1,1.14,203,189,0.000548372,0.000274568,0.000859135,0.000430298,0.604501,90.39,12:48,1:22:43
30,5,8,1,none,0.001,1,1.14,203,189,0.000548372,0.000274568,0.000880778,0.000441161,0.636926,76.01,12:31,1:22:31
30,3,23,2,none,0.01,1,1.06,203,195,0.000548259,0.000274512,0.0013758,0.000690505,0.979584,48.65,07:58,1:40:00
30,5,23,2,none,0.01,1,1.06,203,195,0.000548204,0.000274485,0.00142425,0.000714847,0.981292,54.37,08:32,1:40:48
30,0,23,2,none,0.01,1,1.06,203,195,0.000548165,0.000274465,0.0014234,0.000714419,0.981277,55.27,08:07,1:40:20
30,3,15,1,none,0.001,1,1.15,203,190,0.000547983,0.000274373,0.00106905,0.000536316,0.781545,75.55,16:59,1:37:42
30,5,15,1,none,0.001,1,1.15,203,190,0.000547974,0.000274369,0.00107254,0.000538068,0.786998,76.72,14:42,1:38:05
30,0,15,1,none,0.001,1,1.15,203,190,0.000547974,0.000274369,0.00107244,0.000538016,0.786998,77.02,15:39,1:38:14
30,3,23,2,deviation,5.,1,1.06,203,195,0.000547946,0.000274355,0.00167781,0.000842436,0.991743,101.02,13:11,1:57:21
30,5,23,2,deviation,5.,1,1.06,203,195,0.000547946,0.000274355,0.00167723,0.000842143,0.991693,101.64,12:28,1:54:48
30,3,8,1,none,0.01,1,1.08,203,192,0.000547923,0.000274344,0.00110554,0.000554484,0.81214,98.59,16:20,1:25:41
30,0,23,2,deviation,5.,1,1.06,203,195,0.000547879,0.000274322,0.00167684,0.000841947,0.991693,101.92,12:27,1:57:15
30,3,23,1,deviation,5.,1,1.06,203,195,0.000547817,0.00027429,0.00165473,0.000830815,0.991971,103.66,12:49,1:55:10
30,3,23,0,deviation,5.,1,1.06,203,195,0.000547817,0.00027429,0.00165473,0.000830815,0.991971,103.66,12:59,1:57:19
30,5,23,0,deviation,5.,1,1.06,203,195,0.000547817,0.00027429,0.00165412,0.000830509,0.991926,104.31,12:55,1:58:47
30,5,23,1,deviation,5.,1,1.06,203,195,0.000547817,0.00027429,0.00165412,0.000830509,0.991926,104.31,12:25,1:53:49
30,0,23,1,deviation,5.,1,1.06,203,195,0.000547754,0.000274259,0.00165376,0.000830328,0.991926,104.60,12:38,1:55:57
30,0,23,0,deviation,5.,1,1.06,203,195,0.000547754,0.000274259,0.00165376,0.000830328,0.991926,104.60,12:36,1:56:15
40,3,10,1,none,0.01,1,1.08,203,193,0.000547497,0.00027413,0.00110666,0.000555098,0.808602,92.39,19:29,1:29:25
40,3,30,2,none,0.01,1,1.06,203,195,0.000547461,0.000274111,0.00122379,0.000614261,0.975821,49.37,07:16,1:29:56
40,5,30,2,none,0.01,1,1.06,203,195,0.000547452,0.000274107,0.00125724,0.000630972,0.978902,57.58,07:37,1:31:49
40,0,30,2,none,0.01,1,1.06,203,195,0.000547449,0.000274106,0.00126944,0.000637101,0.97896,59.25,09:14,1:35:24
40,5,10,1,none,0.01,1,1.07,203,193,0.000547449,0.000274106,0.00107058,0.000536871,0.795607,108.55,17:20,1:24:25
40,3,10,1,none,0.001,1,1.14,203,184,0.000547419,0.000274091,0.00098074,0.000491831,0.601217,58.81,10:29,1:19:30
40,5,10,1,none,0.001,1,1.13,203,185,0.000547416,0.000274089,0.000970722,0.000486829,0.572535,69.04,12:05,1:17:27
40,0,10,1,none,0.001,1,1.13,203,185,0.000547416,0.000274089,0.000919952,0.000461309,0.52147,97.64,14:46,1:23:19
50,3,38,2,none,0.01,1,1.06,203,195,0.000547339,0.000274051,0.00116235,0.000583076,0.978648,59.65,07:38,1:33:05
50,0,38,2,none,0.01,1,1.06,203,195,0.000547329,0.000274045,0.00122501,0.000614486,0.982716,84.78,08:27,1:35:21
50,5,38,2,none,0.01,1,1.06,203,195,0.000547329,0.000274045,0.00122383,0.000613894,0.982701,74.18,08:03,1:34:12

