Window_Size,N_Peaks,Overlap,Skip_First_K_Freqs,Selection_Method,Significance,Average_F_Score,Average_Precision,Average_Sharpness,avg(Family_Members/Match_Count),Average_Hash_Intersection_Size,Runtime_match-family
50,3,25,2,absolute,0.001,0.00368442,0.00234758,0.10663,0.0063569,0.906016,00:51
50,0,25,2,absolute,0.001,0.00366012,0.00233543,0.106775,0.00632117,0.9127,00:51
50,5,25,2,absolute,0.001,0.00366012,0.00233543,0.106775,0.00632117,0.9127,00:49
50,3,13,2,absolute,0.01,0.0034049,0.00196881,0.158629,0.00487115,1.8888,01:23
50,3,13,3,absolute,0.01,0.00337452,0.00197083,0.154932,0.00488644,1.73769,01:24
50,5,13,2,absolute,0.01,0.00336034,0.00193842,0.159591,0.00479537,1.93012,01:22
50,0,13,2,absolute,0.01,0.00336034,0.00193842,0.159583,0.00479513,1.93052,01:24
50,3,25,3,none,0.01,0.00333198,0.00199919,0.196202,0.0039187,2.64432,02:13
50,5,25,3,none,0.001,0.00332793,0.00201742,0.104598,0.00564085,0.898521,00:51
50,0,25,3,none,0.001,0.00332591,0.00201742,0.104681,0.00563691,0.920194,01:06
50,3,25,3,absolute,0.001,0.00325299,0.00199716,0.0997063,0.00526008,0.823375,00:48
50,5,13,3,none,0.001,0.00323476,0.00219972,0.101955,0.00742877,2.26068,01:33
50,0,25,3,absolute,0.001,0.00323273,0.00198704,0.099759,0.00522967,0.829856,00:50
50,5,25,3,absolute,0.001,0.00323273,0.00198704,0.099759,0.00522968,0.829856,00:46
50,0,13,3,none,0.001,0.00323071,0.00219972,0.103038,0.00739746,7.01539,02:03
50,0,13,3,absolute,0.01,0.00322463,0.00186145,0.155878,0.00450209,1.77476,01:22
50,5,13,3,absolute,0.01,0.00322463,0.00186145,0.15589,0.00450233,1.77436,01:25
50,3,25,2,absolute,0.01,0.00308689,0.00174397,0.221545,0.00355844,3.55378,02:40
50,0,25,2,absolute,0.01,0.00302613,0.00169739,0.222941,0.00347457,3.64695,02:36
50,5,25,2,absolute,0.01,0.0030241,0.00169334,0.222836,0.00347389,3.64493,02:25
50,3,25,3,none,0.001,0.00301398,0.00173587,0.0968625,0.00459645,0.798866,00:45
50,0,13,2,absolute,0.001,0.00301398,0.00198299,0.0665222,0.00733413,0.543245,00:32
50,5,13,2,absolute,0.001,0.00301398,0.00198299,0.0665222,0.00733414,0.543245,00:33
50,3,13,2,absolute,0.001,0.00299575,0.00197083,0.0662751,0.00729708,0.540004,00:34
50,3,13,3,none,0.001,0.00294916,0.00197488,0.0953717,0.00663668,1.02613,01:06
50,5,25,2,none,0.001,0.00290055,0.00188171,0.0775005,0.00412441,3.53048,04:40
50,0,25,2,none,0.001,0.0028965,0.00187766,0.0775896,0.00411376,3.55216,03:46
50,3,13,3,none,0.01,0.00286814,0.00162447,0.158238,0.00329207,2.16974,02:52
50,3,25,3,absolute,0.01,0.00284788,0.00161434,0.217707,0.00327196,3.31801,02:41
50,3,13,2,none,0.01,0.00280332,0.0017379,0.149236,0.00294026,4.04132,03:35
50,5,38,3,deviation,0.1,0.00278712,0.00158598,0.0224711,0.00680989,0.238404,00:13
50,0,38,3,deviation,0.1,0.00278712,0.00158598,0.0224792,0.00680989,0.287016,00:15
50,5,25,3,none,0.01,0.00276484,0.0015718,0.228371,0.00296705,3.87685,02:54
50,3,38,3,deviation,0.1,0.00276281,0.00157383,0.022463,0.0067209,0.221592,00:14
50,0,25,3,none,0.01,0.00271825,0.00154952,0.228831,0.00295208,3.95159,02:54
50,0,25,3,absolute,0.01,0.0027061,0.00151306,0.218924,0.00318011,3.40429,02:41
50,5,25,3,absolute,0.01,0.00270407,0.00150901,0.218821,0.00317927,3.40227,02:29
50,5,13,2,none,0.001,0.00270002,0.00177031,0.0921349,0.00412952,4.0474,02:32
50,0,13,2,none,0.001,0.00269799,0.00177031,0.0931092,0.00411988,10.2815,03:20
50,3,25,2,none,0.001,0.00268989,0.00175005,0.0726372,0.00375006,3.39417,03:37
50,3,13,3,absolute,0.001,0.00267166,0.00168321,0.0599939,0.00725532,0.485518,00:30
50,5,13,3,none,0.01,0.00266154,0.00152117,0.191687,0.00298052,4.22017,03:31
50,0,13,3,none,0.01,0.00264938,0.00151712,0.194928,0.00295968,11.5364,04:31
50,5,13,3,absolute,0.001,0.00264533,0.001667,0.0601762,0.00718218,0.488151,00:32
50,0,13,3,absolute,0.001,0.00264533,0.001667,0.0601762,0.00718218,0.488151,00:29
40,0,10,2,none,0.001,0.00263723,0.00167511,0.120371,0.00373168,8.50152,03:20
40,3,10,2,none,0.001,0.00261495,0.00171359,0.118872,0.00378288,2.2459,02:03
40,0,10,3,none,0.001,0.00251975,0.0015556,0.0606644,0.00498869,5.8568,01:26
40,5,10,2,none,0.001,0.00246709,0.00152522,0.120658,0.00353679,3.85295,02:21
40,3,10,3,none,0.001,0.00241037,0.00145635,0.0583593,0.00514594,1.03565,00:51
50,3,13,2,none,0.001,0.00239214,0.00156168,0.0865181,0.00354991,2.43427,02:44
40,3,20,2,absolute,0.01,0.00238606,0.00128418,0.214578,0.00301575,3.21471,02:13
40,5,20,2,absolute,0.01,0.00236378,0.00126595,0.215789,0.00297163,3.26372,02:09
40,0,20,2,absolute,0.01,0.00236176,0.00126595,0.215789,0.00297061,3.26393,02:17
40,5,10,3,none,0.001,0.00234353,0.00140369,0.0612315,0.00473551,2.27952,01:07
40,3,10,3,none,0.01,0.00226048,0.00123354,0.116154,0.00293591,1.92607,01:50
50,5,25,3,deviation,0.1,0.00221997,0.00129836,0.0066032,0.0108551,0.0862872,00:12
50,3,25,3,deviation,0.1,0.00221997,0.00129836,0.00660117,0.0108553,0.0822362,00:17
50,0,25,3,deviation,0.1,0.00221997,0.00129836,0.00660523,0.0108549,0.0984403,00:13
50,3,25,2,none,0.01,0.00220579,0.00128418,0.151892,0.00243048,6.49646,05:44
50,5,13,2,none,0.01,0.00218959,0.00123354,0.174732,0.00213274,6.72554,05:13
50,0,13,2,none,0.01,0.00217136,0.00122544,0.177665,0.00211039,16.4104,05:27
40,5,10,3,none,0.01,0.0021187,0.00112214,0.129301,0.00273978,3.71278,02:56
40,3,20,2,absolute,0.001,0.00210452,0.00123152,0.124235,0.00351842,1.08568,01:02
40,5,20,2,absolute,0.001,0.00210249,0.00123152,0.124339,0.00351282,1.08852,00:58
40,0,20,2,absolute,0.001,0.00210249,0.00123152,0.124339,0.00351282,1.08852,01:06
40,0,10,3,none,0.01,0.00208224,0.00110391,0.12807,0.00267993,7.88839,02:54
40,3,20,3,absolute,0.001,0.00206198,0.00124975,0.116891,0.00381934,0.973668,00:56
40,0,20,3,absolute,0.001,0.00205793,0.00124772,0.116897,0.00381119,0.975491,01:00
40,5,20,3,absolute,0.001,0.00205793,0.00124772,0.116897,0.00381119,0.975491,00:54
40,3,20,3,absolute,0.01,0.00205185,0.00113632,0.206455,0.00282163,2.8732,02:07
40,5,20,3,absolute,0.01,0.00204173,0.00112416,0.207442,0.00278233,2.91148,02:02
40,3,10,2,absolute,0.001,0.0020397,0.0011505,0.0796476,0.00368629,0.605834,00:36
40,0,20,3,absolute,0.01,0.0020397,0.00112416,0.207444,0.00278129,2.91169,02:14
40,0,10,2,absolute,0.001,0.00203362,0.00114645,0.0797185,0.00367336,0.607656,00:37
40,5,10,2,absolute,0.001,0.00203362,0.00114645,0.0797185,0.00367336,0.607656,00:34
50,5,25,2,none,0.01,0.00202552,0.00114442,0.182753,0.00214486,8.09621,06:45
50,0,25,2,none,0.01,0.00201134,0.00113834,0.183184,0.00213448,8.17602,06:45
40,5,20,3,none,0.001,0.00200932,0.00120316,0.119354,0.00345601,1.03383,01:13
40,0,20,3,none,0.001,0.00200527,0.00120113,0.119354,0.00344977,1.03464,01:15
40,3,20,3,none,0.01,0.00198096,0.00110796,0.194073,0.00266917,2.50598,02:24
40,3,20,3,none,0.001,0.00197286,0.0011505,0.112554,0.00322432,0.926271,00:53
40,5,20,3,none,0.01,0.00192627,0.00104922,0.217683,0.00254151,3.31355,02:09
40,3,10,3,absolute,0.001,0.00192425,0.00107353,0.0710897,0.00341473,0.541827,00:34
40,0,10,3,absolute,0.001,0.00191614,0.00106948,0.071266,0.00340139,0.543042,00:34
40,5,10,3,absolute,0.001,0.00191614,0.00106948,0.071266,0.00340139,0.543042,00:33
40,0,20,3,none,0.01,0.00191412,0.00104314,0.218234,0.00252399,3.33907,03:01
40,5,30,3,deviation,0.1,0.00186753,0.00102289,0.0155479,0.00626014,0.148876,00:14
40,3,30,3,deviation,0.1,0.00186753,0.00102289,0.0155479,0.00626015,0.148876,00:13
40,0,30,3,deviation,0.1,0.00186753,0.00102289,0.0155479,0.00626014,0.148876,00:14
50,3,13,3,deviation,5.,0.00182297,0.000834515,0.290766,0.00186606,13.0002,04:38
40,3,10,3,absolute,0.01,0.00180271,0.000970225,0.142931,0.0026991,1.50699,01:11
40,3,10,2,absolute,0.01,0.00180069,0.000947944,0.152753,0.00250077,1.70407,01:12
40,5,10,3,absolute,0.01,0.00178043,0.000951995,0.143873,0.00266861,1.52218,01:06
40,0,10,3,absolute,0.01,0.00177841,0.00094997,0.143889,0.00266839,1.52238,01:07
40,0,10,2,absolute,0.01,0.00177031,0.000929714,0.153968,0.00247431,1.72352,01:09
40,5,10,2,absolute,0.01,0.00177031,0.00093174,0.153958,0.00247448,1.72331,01:09
40,3,10,2,none,0.01,0.00176423,0.000927689,0.164231,0.00172113,3.60624,03:13
50,5,13,3,deviation,5.,0.00175208,0.000808183,0.293778,0.0018085,15.2858,05:06
40,3,10,0,deviation,5.,0.00169131,0.000791979,0.284553,0.00150321,11.382,04:36
40,3,10,1,deviation,5.,0.00169131,0.000791979,0.284553,0.00150321,11.382,04:40
50,0,13,3,deviation,5.,0.00167713,0.000781851,0.294902,0.00175206,21.255,06:46
30,0,8,2,none,0.001,0.00165283,0.00101681,0.109674,0.00250341,5.17521,02:25
30,5,8,2,none,0.001,0.00165283,0.00101681,0.109959,0.0025036,3.38931,02:26
40,5,10,0,deviation,5.,0.00163257,0.000759571,0.286121,0.00145252,13.6941,04:53
40,5,10,1,deviation,5.,0.00163257,0.000759571,0.286121,0.00145252,13.6941,04:40
50,3,13,3,absolute,0.1,0.00160826,0.000834515,0.311424,0.00179352,14.4697,06:05
50,3,13,1,deviation,5.,0.00160624,0.0007778,0.313867,0.00157653,16.0413,05:52
50,3,13,0,deviation,5.,0.00160624,0.0007778,0.313867,0.00157653,16.0413,05:40
50,3,13,2,absolute,0.1,0.00158801,0.000822362,0.316208,0.00177152,15.7663,06:27
40,3,10,3,deviation,5.,0.00158598,0.000723111,0.259599,0.00148943,9.17744,03:20
50,3,25,1,deviation,0.1,0.00158193,0.000962123,0.0182277,0.0029023,0.590845,00:50
50,3,25,0,deviation,0.1,0.00158193,0.000962123,0.0182277,0.0029023,0.590845,00:47
50,0,25,1,deviation,0.1,0.00158193,0.000962123,0.0182317,0.00290222,0.607049,00:46
50,0,25,0,deviation,0.1,0.00158193,0.000962123,0.0182317,0.00290222,0.607049,00:49
50,5,25,1,deviation,0.1,0.00158193,0.000962123,0.0182297,0.0029023,0.594896,00:45
50,5,25,0,deviation,0.1,0.00158193,0.000962123,0.0182297,0.0029023,0.594896,00:44
40,3,10,2,deviation,5.,0.00156775,0.000725137,0.280818,0.00139053,11.082,04:31
50,5,13,0,deviation,5.,0.00155358,0.000757545,0.316028,0.0015291,18.8436,06:57
50,5,13,1,deviation,5.,0.00155358,0.000757545,0.316028,0.0015291,18.8436,06:59
40,5,10,3,deviation,5.,0.00154547,0.000704882,0.261266,0.00143717,11.0038,03:45
30,3,8,2,none,0.001,0.00154142,0.000925663,0.107932,0.00226443,2.13976,03:01
40,0,10,1,deviation,5.,0.0015394,0.000715009,0.28571,0.0013911,18.2372,05:20
40,0,10,0,deviation,5.,0.0015394,0.000715009,0.28571,0.0013911,18.2372,05:39
50,5,13,3,absolute,0.1,0.00153129,0.000798055,0.320794,0.00172037,16.4766,06:59
50,3,13,1,deviation,0.1,0.00152724,0.000945919,0.0221329,0.00392126,2.05023,00:48
50,0,13,1,deviation,0.1,0.00152724,0.000945919,0.0220519,0.00392103,6.86287,01:19
50,5,13,0,deviation,0.1,0.00152724,0.000945919,0.0220883,0.00392126,3.25339,00:58
50,5,13,1,deviation,0.1,0.00152724,0.000945919,0.0220883,0.00392126,3.25339,00:58
50,0,13,0,deviation,0.1,0.00152724,0.000945919,0.0220519,0.00392103,6.86287,01:22
50,3,13,0,deviation,0.1,0.00152724,0.000945919,0.0221329,0.00392126,2.05023,00:49
50,5,38,3,absolute,0.001,0.00152522,0.000842617,0.217731,0.00170597,2.60907,02:19
50,0,38,3,absolute,0.001,0.00152522,0.000842617,0.217735,0.00170595,2.60928,02:18
50,0,13,3,absolute,0.1,0.00152319,0.000794004,0.320857,0.00171715,16.542,06:24
50,3,38,3,absolute,0.001,0.00152117,0.000840591,0.217482,0.00170599,2.5949,02:14
40,3,20,3,deviation,0.1,0.00151509,0.000806158,0.00381811,0.00990865,0.0585376,00:12
50,3,13,2,deviation,5.,0.00151509,0.000710958,0.312662,0.00148782,15.6451,05:37
40,5,20,3,deviation,0.1,0.00151509,0.000806158,0.00381811,0.00990865,0.0585376,00:11
50,0,25,2,deviation,0.1,0.00151104,0.000927689,0.0172514,0.00290224,0.597731,00:44
50,3,25,2,deviation,0.1,0.00151104,0.000927689,0.0172473,0.00290232,0.581527,00:48
50,5,25,2,deviation,0.1,0.00151104,0.000927689,0.0172493,0.00290232,0.585578,00:48
50,5,13,2,absolute,0.1,0.00150699,0.000781851,0.32586,0.00170282,18.0008,07:13
40,5,10,2,deviation,5.,0.00150496,0.000690703,0.282591,0.00133927,13.3729,04:40
50,0,13,2,absolute,0.1,0.00149889,0.000779826,0.325906,0.00169966,18.0711,06:44
50,0,13,1,deviation,5.,0.00149078,0.000723111,0.316364,0.00147025,26.3413,07:30
50,0,13,0,deviation,5.,0.00149078,0.000723111,0.316364,0.00147025,26.3413,08:12
40,0,10,3,deviation,5.,0.00148673,0.000680575,0.26114,0.00138447,14.5617,04:33
50,5,13,2,deviation,5.,0.00146243,0.000692728,0.314871,0.00144067,18.4197,06:58
40,3,10,2,absolute,0.1,0.00144825,0.000725137,0.292552,0.00153862,11.6933,04:28
40,5,10,2,absolute,0.1,0.0014442,0.000733239,0.299368,0.0015455,12.6269,05:03
40,0,10,2,absolute,0.1,0.0014442,0.000733239,0.299441,0.00154458,12.638,04:35
50,3,38,2,absolute,0.001,0.00144015,0.000741341,0.232822,0.00159815,2.89548,02:39
50,3,13,3,deviation,0.1,0.00143204,0.000802107,0.00502532,0.00439065,1.65647,00:37
50,0,13,3,deviation,0.1,0.00143204,0.000802107,0.00497266,0.00439022,5.93437,01:07
50,5,13,3,deviation,0.1,0.00143204,0.000802107,0.00499899,0.00439057,2.72595,00:45
50,5,38,2,absolute,0.001,0.00143002,0.000729188,0.232858,0.00159683,2.91148,02:36
50,0,38,2,absolute,0.001,0.00143002,0.000729188,0.232862,0.00159682,2.91189,02:39
50,5,25,3,deviation,0.01,0.00143002,0.000956046,0.000386875,0.0597066,0.0190399,00:11
50,0,25,3,deviation,0.01,0.00143002,0.000956046,0.000386875,0.0597066,0.031193,00:12
50,3,25,3,deviation,0.01,0.00143002,0.000956046,0.000386875,0.0597066,0.0149889,00:11
40,3,10,3,none,0.1,0.00142394,0.000739315,0.263944,0.00151731,6.95037,04:59
40,0,10,2,deviation,5.,0.00142192,0.000656269,0.282052,0.00128548,17.8748,05:36
50,0,38,3,none,0.001,0.00141787,0.0007778,0.222728,0.00156442,2.87523,02:56
50,5,38,3,none,0.001,0.00141787,0.000779826,0.222617,0.00156521,2.79664,02:32
40,0,30,3,deviation,0.01,0.00141584,0.000818311,0.0010634,0.0398736,0.0151914,00:10
40,5,30,3,deviation,0.01,0.00141584,0.000818311,0.0010634,0.0398736,0.0151914,00:11
40,3,30,3,deviation,0.01,0.00141584,0.000818311,0.0010634,0.0398736,0.0151914,00:10
30,3,23,3,deviation,0.1,0.00141179,0.000710958,0.0181912,0.00413612,0.161232,00:15
30,5,23,3,deviation,0.1,0.00141179,0.000710958,0.0181912,0.00413612,0.161232,00:13
30,0,23,3,deviation,0.1,0.00141179,0.000710958,0.0181912,0.00413612,0.161232,00:14
50,0,13,2,deviation,5.,0.00139558,0.00066032,0.315317,0.00138107,25.8416,08:22
40,3,10,3,absolute,0.1,0.00139558,0.00070083,0.281977,0.00147183,10.0296,04:11
50,3,38,3,none,0.001,0.00138951,0.000753494,0.212435,0.00148078,2.45149,02:06
40,0,10,3,absolute,0.1,0.00138748,0.000704882,0.289022,0.00149286,10.8128,04:04
40,5,10,3,absolute,0.1,0.00138748,0.000706907,0.28901,0.00149361,10.8039,04:35
50,3,25,3,none,0.1,0.00137735,0.000767673,0.351167,0.00143668,15.7395,08:40
40,0,20,3,deviation,0.1,0.0013571,0.000704882,0.00381811,0.00793854,0.0585376,00:11
40,5,10,2,none,0.01,0.00134697,0.000684626,0.176472,0.00133583,5.9605,03:57
50,3,13,3,none,0.1,0.00133684,0.00071906,0.304602,0.0014834,9.27669,07:11
40,3,30,3,none,0.001,0.00133482,0.000812234,0.229573,0.00183837,2.72595,02:32
30,3,8,3,none,0.001,0.00131051,0.000731213,0.0862224,0.00236911,1.13794,01:07
40,0,10,2,none,0.01,0.00129431,0.000656269,0.175297,0.0012743,11.4879,04:34
50,3,38,3,deviation,0.01,0.00128621,0.000767673,0.00104112,0.0242614,0.0457768,00:10
50,5,38,3,deviation,0.01,0.00128621,0.000767673,0.00104112,0.0242614,0.061981,00:10
50,0,38,3,deviation,0.01,0.00128621,0.000767673,0.00104112,0.0242614,0.110593,00:10
50,3,25,3,deviation,5.,0.00128216,0.000621835,0.350577,0.00137598,20.7683,07:51
30,5,8,3,none,0.01,0.00128013,0.000650192,0.161782,0.00166041,3.53109,02:17
30,0,8,3,none,0.01,0.00127203,0.000646141,0.161633,0.0016461,5.17257,02:36
30,3,8,3,none,0.01,0.00127203,0.000674499,0.146632,0.001647,2.07312,02:07
50,5,25,3,deviation,5.,0.00126595,0.000613733,0.352965,0.00135379,21.493,07:34
50,0,25,3,deviation,5.,0.0012619,0.000609682,0.353249,0.00134889,21.5364,07:31
40,3,20,0,deviation,0.1,0.00125177,0.000680575,0.0298481,0.00329861,0.409966,00:37
40,5,20,0,deviation,0.1,0.00125177,0.000680575,0.0298481,0.00329861,0.409966,00:32
40,5,20,1,deviation,0.1,0.00125177,0.000680575,0.0298481,0.00329861,0.409966,00:32
40,3,20,1,deviation,0.1,0.00125177,0.000680575,0.0298481,0.00329861,0.409966,00:35
40,5,10,1,deviation,0.1,0.00124975,0.000725137,0.0228884,0.00336682,3.17136,00:53
40,3,10,1,deviation,0.1,0.00124975,0.000725137,0.022933,0.00336684,1.96739,00:42
40,0,10,1,deviation,0.1,0.00124975,0.000725137,0.0228459,0.00336656,5.5793,01:06
40,0,10,0,deviation,0.1,0.00124975,0.000725137,0.0228459,0.00336656,5.5793,01:08
40,3,10,0,deviation,0.1,0.00124975,0.000725137,0.022933,0.00336684,1.96739,00:46
40,5,10,0,deviation,0.1,0.00124975,0.000725137,0.0228884,0.00336682,3.17136,00:49
40,5,20,2,none,0.001,0.00123759,0.000680575,0.181394,0.00151087,3.30322,03:58
30,3,15,3,deviation,0.1,0.00123152,0.000783877,0.00407737,0.0142443,0.0538789,00:11
30,0,15,3,deviation,0.1,0.00123152,0.000783877,0.00407737,0.0142443,0.0538789,00:11
30,5,15,3,deviation,0.1,0.00123152,0.000783877,0.00407737,0.0142443,0.0538789,00:11
40,0,20,2,none,0.001,0.00123152,0.00067855,0.1814,0.00150701,3.30423,03:55
50,3,25,0,deviation,5.,0.00122139,0.00058335,0.337213,0.00118881,25.2475,11:09
50,3,25,1,deviation,5.,0.00122139,0.00058335,0.337213,0.00118881,25.2475,12:09
50,5,25,1,deviation,5.,0.00121936,0.000579299,0.339127,0.00118018,26.0057,11:14
50,5,25,0,deviation,5.,0.00121936,0.000579299,0.339127,0.00118018,26.0057,12:11
50,0,25,0,deviation,5.,0.00121531,0.000575248,0.339419,0.00117569,26.0496,12:25
50,0,25,1,deviation,5.,0.00121531,0.000575248,0.339419,0.00117569,26.0496,12:30
50,0,13,2,deviation,0.1,0.00121531,0.000690703,0.020956,0.00296311,6.84444,01:21
50,5,13,2,deviation,0.1,0.00121531,0.000690703,0.0209864,0.00296335,3.23982,00:57
50,3,13,2,deviation,0.1,0.00121531,0.000690703,0.0210229,0.00296335,2.03828,00:51
30,5,8,3,none,0.001,0.00121329,0.000662346,0.0900365,0.00196504,2.1426,01:14
30,0,8,3,none,0.001,0.00121329,0.000662346,0.0898906,0.00196469,3.57626,01:14
40,5,30,3,none,0.001,0.00120316,0.000688677,0.238359,0.00148975,3.05874,02:38
40,0,30,3,none,0.001,0.00120113,0.000686652,0.238493,0.00148578,3.0638,03:25
40,3,20,2,none,0.01,0.00119708,0.000636014,0.251325,0.0011132,5.90541,05:28
40,3,10,2,none,0.1,0.00119506,0.00061981,0.297185,0.0013337,10.57,06:48
40,3,30,3,absolute,0.001,0.00117885,0.000680575,0.234671,0.00151179,2.87786,02:22
40,0,30,3,absolute,0.001,0.0011748,0.00067855,0.234912,0.00150529,2.88698,02:34
40,5,30,3,absolute,0.001,0.0011748,0.00067855,0.234912,0.00150529,2.88698,02:32
40,5,20,2,deviation,0.1,0.00117075,0.00064209,0.0275471,0.00328686,0.395989,00:31
40,3,20,2,deviation,0.1,0.00117075,0.00064209,0.0275471,0.00328686,0.395989,00:34
40,0,10,2,deviation,0.1,0.00115455,0.000688677,0.0218736,0.00340757,5.56228,01:06
40,3,10,2,deviation,0.1,0.00115455,0.000688677,0.0219445,0.00340786,1.95402,00:44
40,5,10,2,deviation,0.1,0.00115455,0.000688677,0.021908,0.00340785,3.15678,00:49
50,3,25,2,absolute,0.1,0.00115252,0.000567146,0.38999,0.00120105,31.937,13:17
30,5,8,2,absolute,0.001,0.0011505,0.000650192,0.114308,0.00181792,0.91189,01:02
30,3,8,2,absolute,0.001,0.0011505,0.000650192,0.114221,0.00182061,0.910674,01:04
30,0,8,2,absolute,0.001,0.0011505,0.000650192,0.114308,0.00181792,0.91189,01:23
50,3,25,3,absolute,0.1,0.00114239,0.000569172,0.38368,0.00118453,29.3648,12:42
50,3,25,2,deviation,5.,0.00112619,0.00054284,0.334339,0.00114317,24.8534,10:47
50,5,25,2,deviation,5.,0.00112619,0.000538789,0.336415,0.00113426,25.6097,12:06
50,0,25,2,deviation,5.,0.00111809,0.000534738,0.336704,0.00112977,25.6534,12:09
30,3,8,2,none,0.01,0.00109986,0.000536763,0.143044,0.00107568,3.58801,04:32
40,0,20,0,deviation,0.1,0.00109378,0.000579299,0.0298481,0.00260659,0.409966,00:34
40,0,20,1,deviation,0.1,0.00109378,0.000579299,0.0298481,0.00260659,0.409966,00:35
50,5,25,3,absolute,0.1,0.00108973,0.000552967,0.392878,0.00113132,33.6727,14:03
50,0,25,3,absolute,0.1,0.00108771,0.000550942,0.393034,0.00112915,33.8163,14:17
50,3,13,2,none,0.1,0.00108365,0.000538789,0.294691,0.00109504,13.1857,08:40
30,3,15,0,deviation,0.1,0.00108163,0.000702856,0.0265971,0.00571472,0.227264,00:21
30,5,15,0,deviation,0.1,0.00108163,0.000702856,0.0265971,0.00571472,0.227264,00:21
30,3,15,1,deviation,0.1,0.00108163,0.000702856,0.0265971,0.00571472,0.227264,00:20
30,0,15,0,deviation,0.1,0.00108163,0.000702856,0.0265971,0.00571472,0.227264,00:21
30,0,15,1,deviation,0.1,0.00108163,0.000702856,0.0265971,0.00571472,0.227264,00:22
30,5,15,1,deviation,0.1,0.00108163,0.000702856,0.0265971,0.00571472,0.227264,00:20
40,3,20,2,none,0.001,0.00106948,0.000538789,0.176465,0.00114721,3.16974,04:49
40,3,20,3,none,0.1,0.00106745,0.000520559,0.323146,0.00118867,11.9787,05:45
50,3,13,3,deviation,0.01,0.00106745,0.000747417,0.000245088,0.00488352,1.60442,00:34
50,5,13,3,deviation,0.01,0.00106745,0.000747417,0.000236986,0.00488352,2.67025,00:42
50,0,13,3,deviation,0.01,0.00106745,0.000747417,0.000228884,0.00488348,5.86773,01:05
30,3,8,0,deviation,5.,0.00106137,0.000528661,0.246958,0.0010711,8.2143,04:00
30,3,8,1,deviation,5.,0.00106137,0.000528661,0.246958,0.0010711,8.2143,04:04
50,5,13,3,none,0.1,0.0010553,0.000550942,0.384965,0.00112567,26.9062,14:08
30,5,8,0,deviation,5.,0.00105327,0.000526636,0.246891,0.0010599,9.82054,04:21
30,5,8,1,deviation,5.,0.00105327,0.000526636,0.246891,0.0010599,9.82054,04:22
30,0,15,2,deviation,0.1,0.00105125,0.000684626,0.0254709,0.00592135,0.218554,00:20
30,0,8,0,deviation,5.,0.00105125,0.000526636,0.247065,0.00105698,10.6149,04:40
30,0,8,1,deviation,5.,0.00105125,0.000526636,0.247065,0.00105698,10.6149,04:21
30,5,15,2,deviation,0.1,0.00105125,0.000684626,0.0254709,0.00592135,0.218554,00:20
30,3,15,2,deviation,0.1,0.00105125,0.000684626,0.0254709,0.00592135,0.218554,00:21
30,5,8,2,none,0.01,0.00103302,0.000488151,0.157705,0.00103571,5.46688,03:46
40,0,20,2,none,0.01,0.00103099,0.000534738,0.272613,0.00095686,7.01843,06:33
40,5,20,2,none,0.01,0.00103099,0.000534738,0.27235,0.000958023,6.98785,08:20
30,0,8,2,none,0.01,0.00102491,0.000486125,0.157697,0.0010254,7.58274,03:35
40,0,20,2,deviation,0.1,0.00101276,0.000540814,0.0275471,0.00255305,0.395989,00:34
30,5,8,3,absolute,0.001,0.00100871,0.000548916,0.102175,0.00160246,0.781851,01:10
30,0,8,3,absolute,0.001,0.00100871,0.000548916,0.102175,0.00160246,0.781851,01:04
30,3,8,3,absolute,0.001,0.00100871,0.000548916,0.101963,0.00160386,0.781041,00:55
30,3,8,3,absolute,0.01,0.00100263,0.000504355,0.174197,0.00131381,1.89812,01:51
30,5,8,3,absolute,0.01,0.000988455,0.000490176,0.174754,0.00129754,1.91533,02:09
30,0,8,3,absolute,0.01,0.000988455,0.000490176,0.174754,0.00129733,1.91533,01:49
50,3,25,1,deviation,0.01,0.000982378,0.000644116,0.0121471,0.00585306,0.141584,00:21
50,3,25,0,deviation,0.01,0.000982378,0.000644116,0.0121471,0.00585306,0.141584,00:22
50,0,25,1,deviation,0.01,0.000982378,0.000644116,0.0121471,0.00585306,0.157788,00:22
50,0,25,0,deviation,0.01,0.000982378,0.000644116,0.0121471,0.00585306,0.157788,00:19
50,5,25,1,deviation,0.01,0.000982378,0.000644116,0.0121471,0.00585306,0.145635,00:19
50,5,25,0,deviation,0.01,0.000982378,0.000644116,0.0121471,0.00585306,0.145635,00:19
50,3,25,2,deviation,0.01,0.000974276,0.000640065,0.0121471,0.00581567,0.141381,00:19
50,5,25,2,deviation,0.01,0.000974276,0.000640065,0.0121471,0.00581567,0.145432,00:18
50,0,25,2,deviation,0.01,0.000974276,0.000640065,0.0121471,0.00581567,0.157586,00:18
40,5,10,3,none,0.1,0.000943893,0.000451691,0.333328,0.000967935,17.3381,08:37
30,3,8,2,none,0.1,0.000935791,0.000480049,0.267057,0.000973466,9.93599,05:31
30,3,8,2,deviation,5.,0.000933765,0.000457768,0.243603,0.000919769,8.0559,03:56
30,5,8,2,deviation,5.,0.000925663,0.000455742,0.243585,0.00090895,9.64594,04:20
30,0,8,2,deviation,5.,0.000923638,0.000455742,0.243763,0.000906111,10.4322,04:23
30,0,8,2,absolute,0.01,0.000919587,0.000433462,0.18715,0.00112145,2.22585,01:56
30,5,8,2,absolute,0.01,0.000919587,0.000433462,0.18715,0.00112146,2.22585,02:10
30,3,8,2,absolute,0.01,0.000917561,0.000437513,0.186852,0.00112444,2.2062,02:08
30,3,23,3,deviation,0.01,0.000911485,0.000502329,0.00150496,0.0235534,0.0192425,00:10
40,3,20,3,absolute,0.1,0.000911485,0.000409155,0.365313,0.000926333,20.5908,08:52
30,5,23,3,deviation,0.01,0.000911485,0.000502329,0.00150496,0.0235534,0.0192425,00:11
30,0,23,3,deviation,0.01,0.000911485,0.000502329,0.00150496,0.0235534,0.0192425,00:11
30,3,8,3,none,0.1,0.000911485,0.000453717,0.258825,0.0011404,6.27405,03:35
30,3,8,3,absolute,0.1,0.000901357,0.000486125,0.280004,0.0013221,7.97934,04:28
40,3,10,3,deviation,0.1,0.000889204,0.000488151,0.0014604,0.00356219,1.66376,00:34
40,0,10,3,deviation,0.1,0.000889204,0.000488151,0.00139153,0.00356174,4.9366,00:57
40,5,10,3,deviation,0.1,0.000889204,0.000488151,0.00142597,0.00356217,2.75471,00:41
30,0,15,3,none,0.01,0.000883127,0.000455742,0.25065,0.00107429,3.90824,03:28
30,5,15,3,none,0.01,0.000883127,0.000455742,0.250622,0.00107513,3.89913,03:12
40,0,20,3,absolute,0.1,0.000881102,0.000384849,0.370063,0.000883087,22.3255,09:43
40,5,20,3,absolute,0.1,0.000879076,0.000384849,0.370028,0.000882692,22.302,09:31
50,3,25,2,none,0.1,0.000868949,0.000455742,0.312497,0.000829664,24.0452,20:28
40,5,20,3,deviation,0.01,0.000862872,0.000518534,0.000236986,0.0512471,0.00587401,00:11
40,3,20,3,deviation,0.01,0.000862872,0.000518534,0.000236986,0.0512471,0.00587401,00:10
40,0,20,3,deviation,0.01,0.000862872,0.000518534,0.000236986,0.0512471,0.00587401,00:10
40,5,10,2,none,0.1,0.000856796,0.000401053,0.353127,0.000869275,23.6909,11:29
40,3,20,1,deviation,0.01,0.000852745,0.000498278,0.00959692,0.00659037,0.083654,00:13
40,3,20,0,deviation,0.01,0.000852745,0.000498278,0.00959692,0.00659037,0.083654,00:13
40,5,20,1,deviation,0.01,0.000852745,0.000498278,0.00959692,0.00659037,0.083654,00:13
40,0,20,0,deviation,0.01,0.000852745,0.000498278,0.00959692,0.00659037,0.083654,00:14
40,0,20,1,deviation,0.01,0.000852745,0.000498278,0.00959692,0.00659037,0.083654,00:14
40,5,20,0,deviation,0.01,0.000852745,0.000498278,0.00959692,0.00659037,0.083654,00:14
30,3,15,3,none,0.01,0.000834515,0.000415232,0.232317,0.000933038,3.18088,02:57
30,3,8,3,deviation,5.,0.000826413,0.000384849,0.255086,0.000955966,6.92688,03:22
30,3,15,2,absolute,0.001,0.000820336,0.000423334,0.166176,0.00111726,1.58862,01:48
40,3,30,2,absolute,0.001,0.000820336,0.000441564,0.256143,0.000980141,3.37371,03:14
30,5,8,3,deviation,5.,0.000818311,0.000378773,0.255878,0.000943686,8.21896,03:37
30,0,8,3,deviation,5.,0.000816285,0.000378773,0.256579,0.00094062,8.85639,03:38
40,0,30,2,absolute,0.001,0.000816285,0.000439538,0.256342,0.000975282,3.38444,03:23
40,5,30,2,absolute,0.001,0.000816285,0.000439538,0.256342,0.000975282,3.38444,03:26
40,0,20,2,absolute,0.1,0.000812234,0.000328134,0.381608,0.000789756,26.0065,10:41
40,3,20,2,absolute,0.1,0.000812234,0.000354466,0.376879,0.000818928,23.9398,09:35
30,5,15,2,absolute,0.001,0.000812234,0.000419283,0.166312,0.00110558,1.59368,01:44
30,0,15,2,absolute,0.001,0.000812234,0.000419283,0.166312,0.00110558,1.59368,01:53
40,5,20,2,absolute,0.1,0.000810209,0.000328134,0.381566,0.000790177,25.9759,10:50
50,5,13,0,deviation,0.01,0.000806158,0.000559044,0.00724529,0.00307147,2.81001,00:44
50,3,13,1,deviation,0.01,0.000806158,0.000559044,0.00725339,0.00307147,1.70529,00:36
50,3,13,0,deviation,0.01,0.000806158,0.000559044,0.00725339,0.00307147,1.70529,00:36
50,0,13,1,deviation,0.01,0.000806158,0.000559044,0.00723719,0.00307144,6.12416,01:10
50,0,13,0,deviation,0.01,0.000806158,0.000559044,0.00723719,0.00307144,6.12416,01:12
50,5,13,1,deviation,0.01,0.000806158,0.000559044,0.00724529,0.00307147,2.81001,00:43
50,3,38,2,absolute,0.01,0.000802107,0.000397002,0.360192,0.000881812,12.5129,08:02
50,0,38,2,absolute,0.01,0.000794004,0.0003889,0.361758,0.000869223,12.924,09:12
50,5,38,2,absolute,0.01,0.000794004,0.0003889,0.361738,0.000869355,12.9099,07:59
30,3,15,3,none,0.1,0.000789953,0.000346364,0.327361,0.000827536,11.1116,06:13
40,5,20,3,none,0.1,0.000785902,0.000350415,0.394707,0.000847983,29.0255,12:28
40,0,20,2,deviation,0.01,0.000779826,0.000459793,0.00959692,0.00649588,0.0828438,00:13
40,3,20,2,deviation,0.01,0.000779826,0.000459793,0.00959692,0.00649588,0.0828438,00:13
40,5,20,2,deviation,0.01,0.000779826,0.000459793,0.00959692,0.00649588,0.0828438,00:13
50,0,13,2,deviation,0.01,0.000769698,0.000538789,0.00723719,0.00303689,6.12396,01:10
50,5,13,2,deviation,0.01,0.000769698,0.000538789,0.00724529,0.00303692,2.8098,00:44
50,3,13,2,deviation,0.01,0.000769698,0.000538789,0.00725339,0.00303692,1.70508,00:36
40,0,20,3,none,0.1,0.000767673,0.000344339,0.396733,0.000826128,29.9714,12:56
30,3,15,2,none,0.001,0.000765647,0.000399028,0.209097,0.000872784,3.12578,05:39
50,3,38,3,deviation,0.001,0.000765647,0.00064209,0.000293701,0.161096,0.0281547,00:10
50,5,38,3,deviation,0.001,0.000765647,0.00064209,0.000293701,0.161096,0.0443589,00:11
50,0,38,3,deviation,0.001,0.000765647,0.00064209,0.000293701,0.161096,0.0929714,00:10
30,0,8,0,deviation,0.001,0.00075552,0.000518534,0.000554993,0.00582787,2.63763,00:38
30,3,8,1,deviation,0.001,0.00075552,0.000518534,0.000559044,0.00582787,1.32145,00:29
30,0,8,1,deviation,0.001,0.00075552,0.000518534,0.000554993,0.00582787,2.63763,00:39
30,5,8,0,deviation,0.001,0.00075552,0.000518534,0.000554993,0.00582787,2.19891,00:35
30,5,8,1,deviation,0.001,0.00075552,0.000518534,0.000554993,0.00582787,2.19891,00:35
30,3,8,0,deviation,0.001,0.00075552,0.000518534,0.000559044,0.00582787,1.32145,00:29
40,0,10,0,deviation,0.01,0.000729188,0.000459793,0.00544258,0.00403715,5.07008,01:00
40,5,10,1,deviation,0.01,0.000729188,0.000459793,0.0054446,0.00403717,2.83067,00:43
40,5,10,0,deviation,0.01,0.000729188,0.000459793,0.0054446,0.00403717,2.83067,00:43
40,3,10,1,deviation,0.01,0.000729188,0.000459793,0.0054446,0.00403717,1.71096,00:35
40,0,10,1,deviation,0.01,0.000729188,0.000459793,0.00544258,0.00403715,5.07008,01:04
40,3,10,0,deviation,0.01,0.000729188,0.000459793,0.0054446,0.00403717,1.71096,00:36
30,3,15,3,absolute,0.01,0.000729188,0.000356492,0.244618,0.00091671,3.54324,02:57
30,5,8,3,absolute,0.1,0.000729188,0.000309905,0.283873,0.000877895,8.27567,04:37
30,0,8,3,absolute,0.1,0.000729188,0.000309905,0.283885,0.000877658,8.27871,04:22
30,5,15,3,absolute,0.01,0.000727162,0.000356492,0.244989,0.000913203,3.56998,02:56
30,0,15,3,absolute,0.01,0.000727162,0.000356492,0.244989,0.000913193,3.56998,03:38
30,3,15,3,absolute,0.1,0.000721086,0.000346364,0.358292,0.000829658,15.8374,07:59
30,3,8,2,absolute,0.1,0.000717035,0.000301803,0.298738,0.00084378,10.1408,04:49
40,3,20,3,deviation,5.,0.000712984,0.000299777,0.331337,0.000784765,14.4458,05:44
30,0,15,3,absolute,0.1,0.000708933,0.000342313,0.360855,0.000816699,16.4693,08:02
30,5,15,3,absolute,0.1,0.000708933,0.000342313,0.360849,0.000816769,16.4661,08:27
30,3,15,2,absolute,0.1,0.000708933,0.000313956,0.373267,0.000796427,20.095,10:07
50,5,13,2,none,0.1,0.000708933,0.000358517,0.374588,0.000823642,34.3223,16:43
40,3,30,3,none,0.01,0.000706907,0.000332186,0.33792,0.000784552,8.17946,05:29
40,3,20,0,deviation,5.,0.000704882,0.000293701,0.35489,0.000734709,17.4766,08:16
40,3,20,1,deviation,5.,0.000704882,0.000293701,0.35489,0.000734709,17.4766,08:18
30,3,15,2,absolute,0.01,0.000702856,0.000326109,0.252965,0.000854784,4.09804,03:17
30,0,15,2,absolute,0.01,0.000702856,0.000326109,0.253437,0.000850831,4.13186,03:17
30,5,15,2,absolute,0.01,0.000702856,0.000326109,0.253437,0.000850841,4.13186,03:08
40,5,20,3,deviation,5.,0.000696779,0.00028965,0.332418,0.000773727,14.6283,06:04
40,0,20,3,deviation,5.,0.000696779,0.00028965,0.332425,0.000773244,14.6312,05:53
30,5,8,2,absolute,0.1,0.000692728,0.000299777,0.302937,0.000824461,10.5536,05:07
30,0,8,2,absolute,0.1,0.000692728,0.000299777,0.302943,0.000824341,10.5568,05:05
30,5,15,2,none,0.001,0.000690703,0.000352441,0.202866,0.000786153,3.25765,05:24
30,0,15,2,none,0.001,0.000690703,0.000352441,0.202874,0.00078606,3.25947,04:37
50,0,38,0,deviation,0.001,0.000688677,0.000528661,0.0176139,0.00228492,0.31112,00:34
50,0,38,1,deviation,0.001,0.000688677,0.000528661,0.0176139,0.00228492,0.31112,00:36
50,3,38,1,deviation,0.001,0.000688677,0.000528661,0.0176139,0.00228492,0.238201,00:34
50,5,38,2,deviation,0.001,0.000688677,0.000528661,0.0176139,0.00228485,0.256431,00:39
50,3,38,2,deviation,0.001,0.000688677,0.000528661,0.0176139,0.00228485,0.238201,00:43
50,3,38,0,deviation,0.001,0.000688677,0.000528661,0.0176139,0.00228492,0.238201,00:44
50,5,38,1,deviation,0.001,0.000688677,0.000528661,0.0176139,0.00228492,0.256431,00:41
50,5,38,0,deviation,0.001,0.000688677,0.000528661,0.0176139,0.00228492,0.256431,00:43
50,0,38,2,deviation,0.001,0.000688677,0.000528661,0.0176139,0.00228485,0.31112,00:34
40,0,20,0,deviation,5.,0.000688677,0.000285599,0.355896,0.000726312,17.667,08:23
30,5,15,2,absolute,0.1,0.000688677,0.000305854,0.376231,0.000777126,20.9483,09:50
40,0,20,1,deviation,5.,0.000688677,0.000285599,0.355896,0.000726312,17.667,08:18
30,0,15,2,absolute,0.1,0.000688677,0.000305854,0.376235,0.000777048,20.9524,09:25
40,5,20,1,deviation,5.,0.000688677,0.000285599,0.355896,0.00072648,17.6642,08:59
40,5,20,0,deviation,5.,0.000688677,0.000285599,0.355896,0.00072648,17.6642,08:58
30,0,15,2,none,0.01,0.000682601,0.000350415,0.289147,0.000745167,7.00365,06:47
30,5,15,2,none,0.01,0.000682601,0.000350415,0.289143,0.000745686,6.99129,06:32
40,3,10,2,deviation,0.01,0.000658295,0.000423334,0.0054446,0.00395865,1.71035,00:36
40,5,10,2,deviation,0.01,0.000658295,0.000423334,0.0054446,0.00395865,2.83006,00:42
40,0,10,2,deviation,0.01,0.000658295,0.000423334,0.00544258,0.00395863,5.06948,00:59
30,5,8,3,none,0.1,0.000652218,0.000265343,0.310889,0.000753667,12.3215,05:44
30,0,15,0,deviation,0.001,0.000646141,0.00042536,0.000607656,0.0268842,0.00850719,00:11
30,5,15,1,deviation,0.001,0.000646141,0.00042536,0.000607656,0.0268842,0.00850719,00:11
30,0,15,1,deviation,0.001,0.000646141,0.00042536,0.000607656,0.0268842,0.00850719,00:11
30,3,15,0,deviation,0.001,0.000646141,0.00042536,0.000607656,0.0268842,0.00850719,00:10
30,3,15,1,deviation,0.001,0.000646141,0.00042536,0.000607656,0.0268842,0.00850719,00:10
30,5,15,0,deviation,0.001,0.000646141,0.00042536,0.000607656,0.0268842,0.00850719,00:10
40,3,20,2,deviation,5.,0.000646141,0.000267369,0.353425,0.000684377,17.1855,08:05
40,3,20,2,none,0.1,0.000640065,0.000295726,0.368191,0.000638073,19.4721,12:27
30,5,15,3,none,0.1,0.000633988,0.000315981,0.375078,0.000752812,20.4428,10:58
30,0,15,3,none,0.1,0.000633988,0.000318007,0.375402,0.000753127,20.6877,10:28
40,5,20,2,deviation,5.,0.000629937,0.000259267,0.354432,0.000676264,17.3725,08:56
40,0,20,2,deviation,5.,0.000629937,0.000259267,0.354432,0.000676096,17.3753,08:41
30,5,8,2,none,0.1,0.000623861,0.000259267,0.319072,0.000579626,18.2423,08:25
30,3,23,0,deviation,0.01,0.000621835,0.000423334,0.0371481,0.00185921,0.308689,00:51
30,3,23,1,deviation,0.01,0.000621835,0.000423334,0.0371481,0.00185921,0.308689,00:52
30,5,23,0,deviation,0.01,0.000621835,0.000423334,0.0371481,0.00185921,0.308689,00:53
30,5,23,1,deviation,0.01,0.000621835,0.000423334,0.0371481,0.00185921,0.308689,00:49
30,0,23,0,deviation,0.01,0.000621835,0.000423334,0.0371481,0.00185921,0.308689,00:55
30,0,23,1,deviation,0.01,0.000621835,0.000423334,0.0371481,0.00185921,0.308689,00:52
40,5,30,3,deviation,0.001,0.00061981,0.000463844,0.000101276,0.148404,0.00182297,00:10
40,3,30,3,deviation,0.001,0.00061981,0.000463844,0.000101276,0.148404,0.00182297,00:10
40,0,30,3,deviation,0.001,0.00061981,0.000463844,0.000101276,0.148404,0.00182297,00:10
30,0,8,2,deviation,0.001,0.00061981,0.000417257,0.000554993,0.00549665,2.63743,00:36
30,3,8,2,deviation,0.001,0.00061981,0.000417257,0.000559044,0.00549665,1.32125,00:29
30,5,8,2,deviation,0.001,0.00061981,0.000417257,0.000554993,0.00549665,2.1987,00:35
30,0,8,1,deviation,0.01,0.000617784,0.000344339,0.00161029,0.00215924,2.68766,00:40
30,0,8,0,deviation,0.01,0.000617784,0.000344339,0.00161029,0.00215924,2.68766,00:36
30,3,8,0,deviation,0.01,0.000617784,0.000344339,0.00162447,0.00215924,1.35143,00:29
30,3,8,1,deviation,0.01,0.000617784,0.000344339,0.00162447,0.00215924,1.35143,00:30
30,5,8,0,deviation,0.01,0.000617784,0.000344339,0.00161232,0.00215924,2.24225,00:37
30,5,8,1,deviation,0.01,0.000617784,0.000344339,0.00161232,0.00215924,2.24225,00:40
30,0,8,3,none,0.1,0.000615759,0.000251165,0.315951,0.000725853,19.7926,06:42
30,0,8,2,none,0.1,0.000609682,0.00025319,0.322129,0.000568385,29.0265,08:56
50,5,38,3,none,0.01,0.000587401,0.000269394,0.365114,0.000678538,13.3769,08:58
50,0,38,3,none,0.01,0.000581325,0.000267369,0.365708,0.000675024,13.668,09:35
40,0,10,3,deviation,0.01,0.000577274,0.000378773,0.000119506,0.00444075,4.88961,01:01
40,5,10,3,deviation,0.01,0.000577274,0.000378773,0.000119506,0.00444078,2.71744,00:43
40,3,10,3,deviation,0.01,0.000577274,0.000378773,0.000119506,0.00444078,1.63136,00:35
50,3,38,3,absolute,0.01,0.000573223,0.000249139,0.353251,0.000654017,11.6719,07:49
50,3,38,3,none,0.01,0.000571197,0.00025319,0.336532,0.00061932,8.97893,07:39
50,5,38,3,absolute,0.01,0.000563095,0.000239012,0.354608,0.000640875,12.0243,08:18
50,0,38,3,absolute,0.01,0.000563095,0.000239012,0.354636,0.000640753,12.0363,08:41
30,3,15,3,none,0.001,0.000554993,0.000265343,0.157106,0.000870134,1.34515,02:09
30,5,15,1,deviation,0.01,0.000544865,0.000277496,0.00617987,0.00617176,0.0459793,00:12
30,3,15,1,deviation,0.01,0.000544865,0.000277496,0.00617987,0.00617176,0.0459793,00:11
30,0,15,0,deviation,0.01,0.000544865,0.000277496,0.00617987,0.00617176,0.0459793,00:11
30,3,15,0,deviation,0.01,0.000544865,0.000277496,0.00617987,0.00617176,0.0459793,00:11
30,5,15,0,deviation,0.01,0.000544865,0.000277496,0.00617987,0.00617176,0.0459793,00:12
30,0,15,1,deviation,0.01,0.000544865,0.000277496,0.00617987,0.00617176,0.0459793,00:12
30,3,15,2,none,0.01,0.00054284,0.000259267,0.273227,0.000597589,6.03605,08:33
30,5,23,0,deviation,0.001,0.000536763,0.000299777,0.00384444,0.00404821,0.0552967,00:13
30,0,23,1,deviation,0.001,0.000536763,0.000299777,0.00384444,0.00404821,0.0552967,00:13
30,3,23,1,deviation,0.001,0.000536763,0.000299777,0.00384444,0.00404821,0.0552967,00:13
30,5,23,1,deviation,0.001,0.000536763,0.000299777,0.00384444,0.00404821,0.0552967,00:12
30,0,23,0,deviation,0.001,0.000536763,0.000299777,0.00384444,0.00404821,0.0552967,00:13
30,0,8,3,deviation,0.001,0.000536763,0.000376747,2.63318e-05,0.0050881,2.62771,00:36
30,5,8,3,deviation,0.001,0.000536763,0.000376747,2.63318e-05,0.0050881,2.18999,00:33
30,3,23,0,deviation,0.001,0.000536763,0.000299777,0.00384444,0.00404821,0.0552967,00:13
30,3,8,3,deviation,0.001,0.000536763,0.000376747,3.03828e-05,0.0050881,1.31456,00:29
30,5,15,3,none,0.001,0.000534738,0.00025319,0.161756,0.000798303,1.44703,01:42
30,0,15,3,none,0.001,0.000534738,0.00025319,0.16176,0.000798204,1.44865,02:08
40,3,30,3,absolute,0.01,0.000528661,0.000234961,0.356638,0.00063066,9.68564,06:15
30,5,8,2,deviation,0.01,0.000526636,0.000293701,0.00161232,0.002042,2.24185,00:35
30,3,15,3,absolute,0.001,0.000526636,0.000247114,0.157594,0.000809073,1.39174,01:40
30,0,8,2,deviation,0.01,0.000526636,0.000293701,0.00161029,0.002042,2.68726,00:39
30,3,8,2,deviation,0.01,0.000526636,0.000293701,0.00162447,0.002042,1.35102,00:29
30,5,15,3,absolute,0.001,0.00052461,0.000247114,0.157784,0.000808136,1.39599,01:37
30,0,15,3,absolute,0.001,0.00052461,0.000247114,0.157784,0.000808136,1.39599,01:43
40,5,30,3,absolute,0.01,0.000522585,0.000232935,0.357383,0.000626442,9.82783,06:13
30,5,8,3,deviation,0.1,0.000522585,0.00025319,0.00171157,0.00233471,2.22564,00:34
30,3,8,3,deviation,0.1,0.000522585,0.00025319,0.00176625,0.00233471,1.34738,00:27
40,0,30,3,absolute,0.01,0.000522585,0.000232935,0.357383,0.000626418,9.82803,06:28
30,0,8,3,deviation,0.1,0.000522585,0.00025319,0.00170549,0.00233468,2.66478,00:36
30,3,23,3,deviation,0.001,0.000514482,0.000320032,0.000482074,0.071267,0.0042536,00:10
30,5,23,3,deviation,0.001,0.000514482,0.000320032,0.000482074,0.071267,0.0042536,00:11
30,0,23,3,deviation,0.001,0.000514482,0.000320032,0.000482074,0.071267,0.0042536,00:10
30,5,15,2,deviation,0.001,0.000510431,0.000324083,0.000607656,0.025007,0.00830464,00:10
30,3,15,2,deviation,0.001,0.000510431,0.000324083,0.000607656,0.025007,0.00830464,00:10
30,0,15,2,deviation,0.001,0.000510431,0.000324083,0.000607656,0.025007,0.00830464,00:10
30,3,8,0,deviation,0.1,0.000508406,0.000255216,0.0138161,0.00156739,1.48916,00:32
30,0,8,1,deviation,0.1,0.000508406,0.000255216,0.013731,0.00156737,2.88738,00:43
30,5,8,1,deviation,0.1,0.000508406,0.000255216,0.0137533,0.00156739,2.42131,00:39
30,5,8,0,deviation,0.1,0.000508406,0.000255216,0.0137533,0.00156739,2.42131,00:37
30,3,8,1,deviation,0.1,0.000508406,0.000255216,0.0138161,0.00156739,1.48916,00:32
30,0,8,0,deviation,0.1,0.000508406,0.000255216,0.013731,0.00156737,2.88738,00:40
30,0,15,3,deviation,5.,0.000496253,0.000206603,0.325283,0.000609715,10.5234,05:13
30,3,15,3,deviation,5.,0.000496253,0.000206603,0.325236,0.000610418,10.4841,05:07
30,5,15,3,deviation,5.,0.000496253,0.000206603,0.325283,0.000609717,10.5234,05:43
30,0,8,3,deviation,0.01,0.000488151,0.000269394,0.000141787,0.00200402,2.63136,00:36
30,3,8,3,deviation,0.01,0.000488151,0.000269394,0.000160016,0.00200402,1.31821,00:31
30,5,8,3,deviation,0.01,0.000488151,0.000269394,0.000145838,0.00200402,2.19364,00:35
40,3,30,2,deviation,0.001,0.000471947,0.000338262,0.00867328,0.00188824,0.106137,00:19
40,3,30,1,deviation,0.001,0.000471947,0.000338262,0.00867328,0.0018884,0.106137,00:19
40,3,30,0,deviation,0.001,0.000471947,0.000338262,0.00867328,0.0018884,0.106137,00:20
40,0,30,1,deviation,0.001,0.000471947,0.000338262,0.00867328,0.0018884,0.106137,00:20
40,0,30,2,deviation,0.001,0.000471947,0.000338262,0.00867328,0.00188824,0.106137,00:20
40,0,30,0,deviation,0.001,0.000471947,0.000338262,0.00867328,0.0018884,0.106137,00:22
40,5,30,1,deviation,0.001,0.000471947,0.000338262,0.00867328,0.0018884,0.106137,00:20
40,5,30,2,deviation,0.001,0.000471947,0.000338262,0.00867328,0.00188824,0.106137,00:19
40,5,30,0,deviation,0.001,0.000471947,0.000338262,0.00867328,0.0018884,0.106137,00:20
40,3,30,2,absolute,0.01,0.000457768,0.000208629,0.366891,0.000565301,10.9899,06:43
30,5,23,2,deviation,0.001,0.000453717,0.000247114,0.00374316,0.00301538,0.0548916,00:13
30,3,23,2,deviation,0.001,0.000453717,0.000247114,0.00374316,0.00301538,0.0548916,00:13
30,0,23,2,deviation,0.001,0.000453717,0.000247114,0.00374316,0.00301538,0.0548916,00:13
40,0,30,2,absolute,0.01,0.000451691,0.000204578,0.36762,0.000561794,11.1608,07:12
40,5,30,2,absolute,0.01,0.000451691,0.000204578,0.36762,0.000561815,11.1606,06:49
30,5,15,0,deviation,5.,0.000437513,0.000168118,0.338941,0.000518294,12.2111,06:39
30,3,15,0,deviation,5.,0.000437513,0.000168118,0.33888,0.000518826,12.172,07:11
30,3,8,2,deviation,0.1,0.000437513,0.000216731,0.0131456,0.00145538,1.48045,00:32
30,5,8,2,deviation,0.1,0.000437513,0.000216731,0.013095,0.00145538,2.41219,00:37
40,5,30,3,none,0.01,0.000437513,0.000200527,0.366152,0.000548463,11.0988,07:02
30,0,15,0,deviation,5.,0.000437513,0.000168118,0.338941,0.000518293,12.2111,06:57
30,3,15,1,deviation,5.,0.000437513,0.000168118,0.33888,0.000518826,12.172,07:14
30,5,15,1,deviation,5.,0.000437513,0.000168118,0.338941,0.000518294,12.2111,07:06
30,0,8,2,deviation,0.1,0.000437513,0.000216731,0.0130768,0.00145535,2.87806,00:40
30,0,15,1,deviation,5.,0.000437513,0.000168118,0.338941,0.000518293,12.2111,07:01
40,0,30,3,none,0.01,0.000435487,0.000198501,0.366409,0.000545796,11.1963,07:05
30,3,23,2,deviation,0.01,0.000419283,0.000220782,0.0370265,0.000840053,0.308689,00:53
30,5,23,2,deviation,0.01,0.000419283,0.000220782,0.0370265,0.000840053,0.308689,00:52
30,0,23,2,deviation,0.01,0.000419283,0.000220782,0.0370265,0.000840053,0.308689,00:54
30,0,15,2,deviation,0.01,0.000413206,0.000204578,0.00617987,0.00534159,0.0453717,00:11
30,3,15,2,deviation,0.01,0.000413206,0.000204578,0.00617987,0.00534159,0.0453717,00:12
30,5,15,2,deviation,0.01,0.000413206,0.000204578,0.00617987,0.00534159,0.0453717,00:12
30,3,15,2,deviation,5.,0.000409155,0.000155965,0.336609,0.000496416,12.0063,06:58
30,5,15,2,deviation,5.,0.000409155,0.000155965,0.33666,0.000495885,12.0456,07:04
30,0,15,2,deviation,5.,0.000409155,0.000155965,0.33666,0.000495884,12.0456,06:39
30,3,15,3,deviation,0.01,0.000405104,0.000222807,0.000490176,0.02286,0.00830464,00:10
30,0,15,3,deviation,0.01,0.000405104,0.000222807,0.000490176,0.02286,0.00830464,00:10
30,5,15,3,deviation,0.01,0.000405104,0.000222807,0.000490176,0.02286,0.00830464,00:12
30,0,15,3,deviation,0.001,0.000380798,0.000259267,0,0.154552,0.000810209,00:11
30,5,15,3,deviation,0.001,0.000380798,0.000259267,0,0.154552,0.000810209,00:11
30,3,15,3,deviation,0.001,0.000380798,0.000259267,0,0.154552,0.000810209,00:10
30,3,15,2,none,0.1,0.000364594,0.000149889,0.366115,0.000428991,18.4395,12:12
30,3,23,3,absolute,0.01,0.000342313,0.000166093,0.394594,0.000452036,13.0401,08:25
30,3,23,2,absolute,0.01,0.000334211,0.000162042,0.408771,0.000446387,15.5613,09:45
50,5,25,1,deviation,0.001,0.000332186,0.000186348,0.00206401,0.00696047,0.0332186,00:12
50,0,25,0,deviation,0.001,0.000332186,0.000186348,0.00206401,0.00696047,0.0453717,00:12
50,3,25,1,deviation,0.001,0.000332186,0.000186348,0.00206401,0.00696047,0.0291675,00:13
50,3,25,2,deviation,0.001,0.000332186,0.000186348,0.00206401,0.00696047,0.0291675,00:14
50,5,25,2,deviation,0.001,0.000332186,0.000186348,0.00206401,0.00696047,0.0332186,00:15
50,5,25,0,deviation,0.001,0.000332186,0.000186348,0.00206401,0.00696047,0.0332186,00:12
50,0,25,1,deviation,0.001,0.000332186,0.000186348,0.00206401,0.00696047,0.0453717,00:12
50,3,25,0,deviation,0.001,0.000332186,0.000186348,0.00206401,0.00696047,0.0291675,00:14
50,0,25,2,deviation,0.001,0.000332186,0.000186348,0.00206401,0.00696047,0.0453717,00:12
30,3,23,3,none,0.001,0.000326109,0.000143812,0.28902,0.00050637,4.44784,04:35
30,5,15,2,none,0.1,0.000305854,0.000125582,0.407656,0.000378448,31.2894,18:55
30,0,15,2,none,0.1,0.000301803,0.000125582,0.408341,0.000377615,31.6022,18:44
50,5,13,0,deviation,0.001,0.000283573,0.000174195,0.000512457,0.00264344,2.68665,00:41
50,3,13,0,deviation,0.001,0.000283573,0.000174195,0.000512457,0.00264344,1.61475,00:35
50,3,13,2,deviation,0.001,0.000283573,0.000174195,0.000512457,0.00264344,1.61475,00:34
50,3,13,1,deviation,0.001,0.000283573,0.000174195,0.000512457,0.00264344,1.61475,00:33
50,0,13,2,deviation,0.001,0.000283573,0.000174195,0.000512457,0.00264344,5.90237,01:06
50,5,13,2,deviation,0.001,0.000283573,0.000174195,0.000512457,0.00264344,2.68665,00:40
50,5,13,1,deviation,0.001,0.000283573,0.000174195,0.000512457,0.00264344,2.68665,00:42
50,0,13,0,deviation,0.001,0.000283573,0.000174195,0.000512457,0.00264344,5.90237,01:06
50,0,13,1,deviation,0.001,0.000283573,0.000174195,0.000512457,0.00264344,5.90237,01:07
30,5,23,3,none,0.01,0.000281547,0.000123557,0.400326,0.000367766,14.4017,09:41
30,0,23,3,none,0.01,0.000279522,0.000123557,0.400417,0.000365979,14.4288,08:23
30,0,23,3,absolute,0.01,0.000265343,0.000119506,0.395082,0.000364228,13.1414,10:51
30,5,23,3,absolute,0.01,0.000265343,0.000119506,0.395082,0.000364229,13.1414,08:49
30,3,23,3,none,0.01,0.000261292,0.000121531,0.385404,0.000363469,11.6873,08:16
30,0,23,2,absolute,0.01,0.000255216,0.000115455,0.409382,0.00035977,15.6988,13:33
30,5,23,2,absolute,0.01,0.000255216,0.000115455,0.409382,0.000359771,15.6988,09:30
50,3,38,2,deviation,0.01,0.00025319,0.000121531,0.0825987,0.000348122,1.4918,05:21
50,5,38,2,deviation,0.01,0.00025319,0.000121531,0.0825987,0.000348122,1.51003,06:18
50,0,38,2,deviation,0.01,0.00025319,0.000121531,0.0825987,0.000348122,1.56472,05:51
50,0,38,1,deviation,0.01,0.000251165,0.000119506,0.0824894,0.000346148,1.56411,05:51
30,0,23,3,absolute,0.001,0.000251165,9.92506e-05,0.295102,0.000407831,4.64189,04:56
50,3,38,0,deviation,0.01,0.000251165,0.000119506,0.0824894,0.000346148,1.49119,05:52
30,5,23,3,absolute,0.001,0.000251165,9.92506e-05,0.295102,0.000407831,4.64189,04:33
50,5,38,0,deviation,0.01,0.000251165,0.000119506,0.0824894,0.000346148,1.50942,06:09
50,3,38,1,deviation,0.01,0.000251165,0.000119506,0.0824894,0.000346148,1.49119,05:49
30,3,23,3,absolute,0.001,0.000251165,9.92506e-05,0.294845,0.000408526,4.6273,04:25
50,0,38,0,deviation,0.01,0.000251165,0.000119506,0.0824894,0.000346148,1.56411,05:19
50,5,38,1,deviation,0.01,0.000251165,0.000119506,0.0824894,0.000346148,1.50942,06:21
30,0,23,2,absolute,0.001,0.000245088,0.000103302,0.322913,0.000389809,5.60826,05:50
30,5,23,3,none,0.001,0.000245088,9.7225e-05,0.295746,0.000405131,4.86611,04:42
30,0,23,3,none,0.001,0.000245088,9.7225e-05,0.29575,0.000405114,4.87199,04:33
30,3,23,2,absolute,0.001,0.000245088,0.000103302,0.322781,0.000390347,5.59044,05:19
30,5,23,2,absolute,0.001,0.000245088,0.000103302,0.322913,0.000389809,5.60826,05:24
50,0,13,1,none,0.001,0.000234961,6.27912e-05,0.159573,0.000310728,102.813,47:06
50,5,13,1,none,0.001,0.000234961,6.27912e-05,0.15051,0.000310729,76.2281,35:00
50,3,13,1,none,0.001,0.000234961,6.27912e-05,0.136802,0.000310871,68.8185,33:40
50,5,38,1,deviation,0.1,0.000226858,7.69698e-05,0.117498,0.000321542,4.60644,09:58
50,5,38,0,deviation,0.1,0.000226858,7.69698e-05,0.117498,0.000321542,4.60644,10:01
50,3,38,0,deviation,0.1,0.000226858,7.69698e-05,0.117436,0.000321542,4.58619,09:48
50,0,38,0,deviation,0.1,0.000226858,7.69698e-05,0.117505,0.000321542,4.66478,09:03
50,0,38,1,deviation,0.1,0.000226858,7.69698e-05,0.117505,0.000321542,4.66478,09:05
50,3,38,1,deviation,0.1,0.000226858,7.69698e-05,0.117436,0.000321542,4.58619,08:57
50,5,25,3,deviation,0.001,0.000216731,0.000143812,0.000101276,0.0618416,0.0111404,00:11
50,3,25,3,deviation,0.001,0.000216731,0.000143812,0.000101276,0.0618416,0.00708933,00:11
50,0,25,3,deviation,0.001,0.000216731,0.000143812,0.000101276,0.0618416,0.0232935,00:11
40,5,10,1,none,0.01,0.000202552,4.86125e-05,0.287168,0.000291578,115.587,48:44
40,3,10,1,none,0.01,0.000202552,4.86125e-05,0.269249,0.000291696,101.876,44:18
30,0,23,0,deviation,5.,0.000202552,7.89953e-05,0.442291,0.000294628,45.3913,26:39
30,3,23,1,deviation,5.,0.000202552,7.89953e-05,0.442088,0.000294943,45.2724,25:02
30,0,23,1,deviation,5.,0.000202552,7.89953e-05,0.442291,0.000294628,45.3913,26:40
30,3,23,0,deviation,5.,0.000202552,7.89953e-05,0.442088,0.000294943,45.2724,25:23
30,5,23,1,deviation,5.,0.000202552,7.89953e-05,0.442289,0.000294628,45.3907,27:17
30,5,23,0,deviation,5.,0.000202552,7.89953e-05,0.442289,0.000294628,45.3907,27:00
30,3,8,1,none,0.01,0.000200527,4.86125e-05,0.18983,0.000294646,115.06,43:36
30,3,8,1,none,0.001,0.000196476,4.6587e-05,0.129957,0.000292565,79.2374,33:23
30,5,8,1,none,0.001,0.000196476,4.6587e-05,0.13966,0.000292508,86.0646,36:10
30,0,8,1,none,0.001,0.000196476,4.6587e-05,0.144051,0.000292508,94.9407,36:46
40,5,10,1,none,0.001,0.000196476,4.2536e-05,0.221159,0.000285537,80.8531,36:37
40,0,10,1,none,0.001,0.000196476,4.2536e-05,0.227703,0.000285536,101.789,43:42
40,3,10,1,none,0.001,0.000196476,4.2536e-05,0.210059,0.000285591,73.0812,34:13
50,5,13,1,none,0.01,0.00019445,4.05104e-05,0.236682,0.000285724,113.301,46:54
50,3,13,1,none,0.01,0.00019445,4.05104e-05,0.21314,0.000286208,98.0142,41:49
50,3,25,1,none,0.001,0.00019445,4.05104e-05,0.124428,0.000289978,73.5568,32:33
50,5,25,1,none,0.001,0.00019445,4.05104e-05,0.129155,0.000289783,75.0059,34:06
50,0,25,1,none,0.001,0.00019445,4.05104e-05,0.12922,0.000289783,75.0476,39:24
30,0,15,1,none,0.001,0.000192425,4.05104e-05,0.153709,0.000289954,90.727,41:32
30,3,15,1,none,0.001,0.000192425,4.05104e-05,0.158574,0.00029022,89.269,41:40
30,5,15,1,none,0.001,0.000192425,4.05104e-05,0.153709,0.000289954,90.7239,40:50
50,3,13,3,deviation,0.001,0.000190399,0.000125582,0,0.00238479,1.59854,00:33
50,5,13,3,deviation,0.001,0.000190399,0.000125582,0,0.00238479,2.66397,00:42
50,0,13,3,deviation,0.001,0.000190399,0.000125582,0,0.00238479,5.86024,01:05
40,3,10,2,deviation,0.001,0.000190399,0.000111404,0.000753494,0.00130541,1.6425,00:34
40,0,10,1,deviation,0.001,0.000190399,0.000111404,0.000753494,0.00130541,4.91655,01:00
40,0,10,2,deviation,0.001,0.000190399,0.000111404,0.000753494,0.00130541,4.91655,00:58
40,0,10,0,deviation,0.001,0.000190399,0.000111404,0.000753494,0.00130541,4.91655,01:00
40,5,10,2,deviation,0.001,0.000190399,0.000111404,0.000753494,0.00130541,2.73385,00:44
40,5,10,0,deviation,0.001,0.000190399,0.000111404,0.000753494,0.00130541,2.73385,00:42
40,3,10,1,deviation,0.001,0.000190399,0.000111404,0.000753494,0.00130541,1.6425,00:33
40,5,10,1,deviation,0.001,0.000190399,0.000111404,0.000753494,0.00130541,2.73385,00:43
40,3,10,0,deviation,0.001,0.000190399,0.000111404,0.000753494,0.00130541,1.6425,00:33
40,5,20,1,none,0.001,0.000188374,4.45615e-05,0.138473,0.000288148,80.6956,36:46
40,0,20,1,none,0.001,0.000188374,4.45615e-05,0.138479,0.000288148,80.698,37:03
40,3,20,1,none,0.001,0.000188374,4.45615e-05,0.133751,0.000288234,79.1926,36:27
40,3,30,0,absolute,0.001,0.000184322,4.86125e-05,0.137831,0.00028483,66.4602,36:33
40,3,30,1,absolute,0.001,0.000184322,4.86125e-05,0.137831,0.00028483,66.4602,36:27
40,5,30,1,absolute,0.001,0.000184322,4.86125e-05,0.137981,0.000284817,66.4993,34:57
40,0,30,0,absolute,0.001,0.000184322,4.86125e-05,0.137981,0.000284817,66.4993,36:46
40,5,30,0,absolute,0.001,0.000184322,4.86125e-05,0.137981,0.000284817,66.4993,35:15
40,0,30,1,absolute,0.001,0.000184322,4.86125e-05,0.137981,0.000284817,66.4993,36:09
30,5,23,1,absolute,0.001,0.000182297,4.05104e-05,0.162013,0.000283186,83.0233,42:25
30,0,23,1,absolute,0.001,0.000182297,4.05104e-05,0.162015,0.000283186,83.0235,45:32
30,0,23,0,absolute,0.001,0.000182297,4.05104e-05,0.162015,0.000283186,83.0235,43:33
30,5,23,0,absolute,0.001,0.000182297,4.05104e-05,0.162013,0.000283186,83.0233,41:45
30,3,23,1,absolute,0.001,0.000182297,4.05104e-05,0.161916,0.000283187,82.9852,44:25
30,3,23,0,absolute,0.001,0.000182297,4.05104e-05,0.161916,0.000283187,82.9852,44:12
40,3,30,2,deviation,0.01,0.000178246,0.000101276,0.0924225,0.000392155,0.799473,02:52
40,5,30,2,deviation,0.01,0.000178246,0.000101276,0.0924225,0.000392155,0.799473,02:49
40,0,30,2,deviation,0.01,0.000178246,0.000101276,0.0924225,0.000392155,0.799473,02:56
50,5,38,0,absolute,0.001,0.000178246,5.0638e-05,0.199481,0.000285542,60.0589,31:56
50,0,38,1,absolute,0.001,0.000178246,5.0638e-05,0.199483,0.000285542,60.0598,32:52
50,5,38,1,absolute,0.001,0.000178246,5.0638e-05,0.199481,0.000285542,60.0589,32:10
50,0,38,0,absolute,0.001,0.000178246,5.0638e-05,0.199483,0.000285542,60.0598,32:59
50,3,38,0,absolute,0.001,0.000178246,5.0638e-05,0.199336,0.0002856,60.0093,33:09
50,3,38,1,absolute,0.001,0.000178246,5.0638e-05,0.199336,0.0002856,60.0093,33:13
40,0,30,0,deviation,0.01,0.00017622,9.92506e-05,0.0924043,0.000389321,0.798663,03:08
40,3,30,0,deviation,0.01,0.00017622,9.92506e-05,0.0924043,0.000389321,0.798663,03:02
40,3,30,1,deviation,0.01,0.00017622,9.92506e-05,0.0924043,0.000389321,0.798663,03:01
40,0,30,1,deviation,0.01,0.00017622,9.92506e-05,0.0924043,0.000389321,0.798663,03:03
40,5,30,1,deviation,0.01,0.00017622,9.92506e-05,0.0924043,0.000389321,0.798663,02:51
40,5,30,0,deviation,0.01,0.00017622,9.92506e-05,0.0924043,0.000389321,0.798663,03:03
50,5,38,2,deviation,0.1,0.00015394,3.64594e-05,0.116111,0.000263139,4.62609,10:06
50,3,38,2,deviation,0.1,0.00015394,3.64594e-05,0.116048,0.000263139,4.60583,09:59
50,0,38,2,deviation,0.1,0.00015394,3.64594e-05,0.116117,0.000263139,4.68442,09:40
50,5,38,2,none,0.001,0.000147863,1.82297e-05,0.171835,0.000262039,10.7665,14:02
50,3,38,2,none,0.001,0.000147863,1.82297e-05,0.16522,0.0002621,10.2698,12:37
50,0,38,2,none,0.001,0.000147863,1.82297e-05,0.171934,0.000262354,10.9409,13:55
30,0,23,3,deviation,5.,0.000141787,5.0638e-05,0.433524,0.00025626,39.6842,19:43
30,3,23,3,deviation,5.,0.000141787,5.0638e-05,0.433375,0.0002566,39.5702,19:35
30,5,23,3,deviation,5.,0.000141787,5.0638e-05,0.433524,0.00025626,39.6838,20:34
40,0,30,2,none,0.001,0.000137735,1.41787e-05,0.250367,0.000254316,10.4272,16:53
40,5,30,2,none,0.001,0.000137735,1.41787e-05,0.25032,0.000254316,10.4213,16:24
40,3,30,2,none,0.001,0.000137735,1.41787e-05,0.243603,0.000254335,9.98866,12:04
50,5,25,0,absolute,0.01,0.000137735,3.84849e-05,0.324952,0.000248395,57.8141,31:32
50,3,25,1,absolute,0.01,0.000137735,3.84849e-05,0.324296,0.00024866,57.4606,31:50
50,3,25,0,absolute,0.01,0.000137735,3.84849e-05,0.324296,0.00024866,57.4606,31:17
50,0,25,0,absolute,0.01,0.000137735,3.84849e-05,0.324989,0.000248392,57.8195,31:52
50,0,25,1,absolute,0.01,0.000137735,3.84849e-05,0.324989,0.000248392,57.8195,31:25
50,5,25,1,absolute,0.01,0.000137735,3.84849e-05,0.324952,0.000248395,57.8141,31:22
50,3,13,0,absolute,0.01,0.00013571,4.6587e-05,0.392303,0.000243491,35.5623,21:00
50,5,13,1,absolute,0.01,0.00013571,4.6587e-05,0.392637,0.000243103,35.7245,21:38
50,3,13,1,absolute,0.01,0.00013571,4.6587e-05,0.392303,0.000243491,35.5623,20:41
50,0,13,1,absolute,0.01,0.00013571,4.6587e-05,0.392637,0.000243103,35.7253,20:52
50,5,13,0,absolute,0.01,0.00013571,4.6587e-05,0.392637,0.000243103,35.7245,21:43
50,0,13,0,absolute,0.01,0.00013571,4.6587e-05,0.392637,0.000243103,35.7253,20:39
30,3,23,3,none,0.1,0.000133684,3.64594e-05,0.459741,0.000252613,40.7079,17:53
30,0,15,1,absolute,0.001,0.000131659,2.83573e-05,0.0817723,0.000251339,54.7608,30:35
30,0,15,0,absolute,0.001,0.000131659,2.83573e-05,0.0817723,0.000251339,54.7608,30:20
30,5,15,1,absolute,0.001,0.000131659,2.83573e-05,0.0817723,0.000251339,54.7608,32:42
30,5,15,0,absolute,0.001,0.000131659,2.83573e-05,0.0817723,0.000251339,54.7608,30:38
40,5,20,1,absolute,0.01,0.000131659,3.03828e-05,0.211886,0.000242863,62.8402,36:12
40,5,20,0,absolute,0.01,0.000131659,3.03828e-05,0.211886,0.000242863,62.8402,35:43
30,3,15,0,absolute,0.001,0.000131659,2.83573e-05,0.0816852,0.000251345,54.7438,31:55
30,3,15,1,absolute,0.001,0.000131659,2.83573e-05,0.0816852,0.000251345,54.7438,32:02
40,3,20,0,absolute,0.01,0.000131659,3.03828e-05,0.211377,0.000243335,62.6486,35:43
40,0,20,0,absolute,0.01,0.000131659,3.03828e-05,0.211886,0.000242863,62.8404,34:40
40,3,20,1,absolute,0.01,0.000131659,3.03828e-05,0.211377,0.000243335,62.6486,35:50
40,0,20,1,absolute,0.01,0.000131659,3.03828e-05,0.211886,0.000242863,62.8404,35:00
30,3,23,2,deviation,5.,0.000129633,3.44339e-05,0.444199,0.000233673,45.7112,27:09
30,5,23,2,deviation,5.,0.000129633,3.44339e-05,0.444335,0.000233591,45.8299,27:38
30,0,23,2,deviation,5.,0.000129633,3.44339e-05,0.444337,0.000233591,45.8305,27:47
30,5,15,0,absolute,0.01,0.000129633,2.63318e-05,0.169818,0.000245828,76.938,43:20
30,0,15,1,absolute,0.01,0.000129633,2.63318e-05,0.169818,0.000245828,76.938,40:16
30,3,15,0,absolute,0.01,0.000129633,2.63318e-05,0.170549,0.00024584,76.8098,41:53
30,3,15,1,absolute,0.01,0.000129633,2.63318e-05,0.170549,0.00024584,76.8098,42:24
30,0,15,0,absolute,0.01,0.000129633,2.63318e-05,0.169818,0.000245828,76.938,40:09
30,5,15,1,absolute,0.01,0.000129633,2.63318e-05,0.169818,0.000245828,76.938,41:14
40,5,30,2,none,0.01,0.000125582,1.01276e-05,0.317089,0.000244336,21.3715,18:23
40,0,30,2,none,0.01,0.000125582,1.01276e-05,0.317314,0.000244336,21.4867,19:13
40,3,30,2,none,0.01,0.000123557,1.01276e-05,0.292813,0.000243167,17.5376,16:09
40,3,10,3,deviation,0.001,0.000121531,7.89953e-05,0,0.00101649,1.62872,00:40
40,5,10,3,deviation,0.001,0.000121531,7.89953e-05,0,0.00101649,2.7144,00:44
40,0,10,3,deviation,0.001,0.000121531,7.89953e-05,0,0.00101649,4.88576,01:00
30,0,23,2,none,0.01,0.000119506,6.07656e-06,0.378072,0.000239165,24.4541,22:08
30,5,23,2,none,0.01,0.000119506,6.07656e-06,0.377997,0.000239165,24.4185,18:26
30,5,23,2,none,0.001,0.00011748,4.05104e-06,0.292506,0.000237522,11.4337,16:41
30,0,23,2,none,0.001,0.00011748,4.05104e-06,0.29251,0.000237522,11.4399,11:39
50,0,38,2,none,0.01,0.000115455,6.07656e-06,0.301738,0.000238807,25.5169,23:49
30,3,23,2,none,0.001,0.000115455,4.05104e-06,0.288548,0.000236773,10.8989,11:45
50,5,38,2,none,0.01,0.000115455,6.07656e-06,0.301286,0.000238495,25.0361,22:38
30,3,23,2,none,0.01,0.000113429,6.07656e-06,0.361641,0.000236238,20.7403,16:49
50,3,38,2,none,0.01,0.000107353,6.07656e-06,0.276593,0.000233365,19.2254,19:17
40,5,20,0,absolute,0.001,0.000105327,1.62042e-05,0.137669,0.000227875,44.8803,28:06
30,5,8,1,absolute,0.001,0.000105327,1.21531e-05,0.113103,0.000225937,42.6761,28:03
40,5,20,1,absolute,0.001,0.000105327,1.62042e-05,0.137669,0.000227875,44.8803,27:53
30,5,8,0,absolute,0.001,0.000105327,1.21531e-05,0.113103,0.000225937,42.6761,26:36
40,3,20,0,absolute,0.001,0.000105327,1.62042e-05,0.137612,0.000227877,44.8681,27:18
40,0,20,0,absolute,0.001,0.000105327,1.62042e-05,0.137669,0.000227875,44.8803,26:23
30,3,8,0,absolute,0.001,0.000105327,1.21531e-05,0.113059,0.000225942,42.669,30:27
30,3,8,1,absolute,0.001,0.000105327,1.21531e-05,0.113059,0.000225942,42.669,26:34
40,0,20,1,absolute,0.001,0.000105327,1.62042e-05,0.137669,0.000227875,44.8803,27:29
40,3,20,1,absolute,0.001,0.000105327,1.62042e-05,0.137612,0.000227877,44.8681,27:12
30,0,8,1,absolute,0.001,0.000105327,1.21531e-05,0.113103,0.000225937,42.6761,25:52
30,0,8,0,absolute,0.001,0.000105327,1.21531e-05,0.113103,0.000225937,42.6761,27:30
40,5,30,2,deviation,0.1,9.92506e-05,8.10209e-06,0.28155,0.00019644,3.36885,08:37
40,3,30,2,deviation,0.1,9.92506e-05,8.10209e-06,0.28155,0.00019644,3.36885,08:40
40,0,30,2,deviation,0.1,9.92506e-05,8.10209e-06,0.28155,0.00019644,3.36885,08:40
40,5,30,1,deviation,0.1,9.7225e-05,8.10209e-06,0.279913,0.000193849,3.34819,08:29
40,3,30,0,deviation,0.1,9.7225e-05,8.10209e-06,0.279913,0.000193849,3.34819,09:23
40,3,30,1,deviation,0.1,9.7225e-05,8.10209e-06,0.279913,0.000193849,3.34819,09:11
40,0,30,1,deviation,0.1,9.7225e-05,8.10209e-06,0.279913,0.000193849,3.34819,08:42
40,5,30,0,deviation,0.1,9.7225e-05,8.10209e-06,0.279913,0.000193849,3.34819,08:38
40,0,30,0,deviation,0.1,9.7225e-05,8.10209e-06,0.279913,0.000193849,3.34819,08:36
50,5,13,1,absolute,0.001,9.3174e-05,1.82297e-05,0.36399,0.000211922,26.4914,18:45
30,0,8,1,absolute,0.01,9.3174e-05,1.41787e-05,0.171914,0.000219748,54.4399,30:03
50,5,13,0,absolute,0.001,9.3174e-05,1.82297e-05,0.36399,0.000211922,26.4914,18:46
50,3,25,1,absolute,0.001,9.3174e-05,1.21531e-05,0.238961,0.000213688,37.952,24:09
30,5,8,0,absolute,0.01,9.3174e-05,1.41787e-05,0.171914,0.000219748,54.4399,31:09
30,5,8,1,absolute,0.01,9.3174e-05,1.41787e-05,0.171914,0.000219748,54.4399,31:33
50,0,13,1,absolute,0.001,9.3174e-05,1.82297e-05,0.36399,0.000211922,26.4914,17:22
50,0,13,0,absolute,0.001,9.3174e-05,1.82297e-05,0.36399,0.000211922,26.4914,16:21
50,5,25,0,absolute,0.001,9.3174e-05,1.21531e-05,0.239044,0.000213667,37.9753,23:49
50,3,13,0,absolute,0.001,9.3174e-05,1.82297e-05,0.363911,0.000211955,26.4819,17:48
50,3,13,1,absolute,0.001,9.3174e-05,1.82297e-05,0.363911,0.000211955,26.4819,17:33
30,3,8,1,absolute,0.01,9.3174e-05,1.41787e-05,0.171675,0.000219763,54.3614,30:32
50,3,25,0,absolute,0.001,9.3174e-05,1.21531e-05,0.238961,0.000213688,37.952,23:57
50,0,25,0,absolute,0.001,9.3174e-05,1.21531e-05,0.239044,0.000213666,37.9753,23:56
50,0,25,1,absolute,0.001,9.3174e-05,1.21531e-05,0.239044,0.000213666,37.9753,24:11
30,3,8,0,absolute,0.01,9.3174e-05,1.41787e-05,0.171675,0.000219763,54.3614,31:22
30,0,8,0,absolute,0.01,9.3174e-05,1.41787e-05,0.171914,0.000219748,54.4399,30:13
50,5,25,1,absolute,0.001,9.3174e-05,1.21531e-05,0.239044,0.000213667,37.9753,23:39
30,3,23,0,deviation,0.1,8.91229e-05,2.22807e-05,0.206362,0.000199218,1.63601,05:28
30,5,23,1,deviation,0.1,8.91229e-05,2.22807e-05,0.206362,0.000199218,1.63601,05:16
30,5,23,0,deviation,0.1,8.91229e-05,2.22807e-05,0.206362,0.000199218,1.63601,05:29
30,0,23,1,deviation,0.1,8.91229e-05,2.22807e-05,0.206362,0.000199218,1.63601,05:53
30,0,23,0,deviation,0.1,8.91229e-05,2.22807e-05,0.206362,0.000199218,1.63601,05:57
30,3,23,1,deviation,0.1,8.91229e-05,2.22807e-05,0.206362,0.000199218,1.63601,06:02
40,5,20,3,deviation,0.001,8.91229e-05,5.87401e-05,0,0.2,0.000202552,00:10
40,0,20,3,deviation,0.001,8.91229e-05,5.87401e-05,0,0.2,0.000202552,00:10
40,3,20,3,deviation,0.001,8.91229e-05,5.87401e-05,0,0.2,0.000202552,00:10
40,3,10,1,absolute,0.001,8.70974e-05,1.41787e-05,0.164764,0.000211585,32.7298,20:58
40,5,10,1,absolute,0.001,8.70974e-05,1.41787e-05,0.164788,0.000211578,32.7367,21:43
40,5,10,0,absolute,0.001,8.70974e-05,1.41787e-05,0.164788,0.000211578,32.7367,21:44
40,0,10,0,absolute,0.001,8.70974e-05,1.41787e-05,0.164788,0.000211578,32.7367,19:39
40,0,10,1,absolute,0.001,8.70974e-05,1.41787e-05,0.164788,0.000211578,32.7367,20:02
30,3,23,2,deviation,0.1,8.70974e-05,2.02552e-05,0.207399,0.000196932,1.63966,06:01
40,3,10,0,absolute,0.001,8.70974e-05,1.41787e-05,0.164764,0.000211585,32.7298,20:59
30,5,23,2,deviation,0.1,8.70974e-05,2.02552e-05,0.207399,0.000196932,1.63966,05:15
30,0,23,2,deviation,0.1,8.70974e-05,2.02552e-05,0.207399,0.000196932,1.63966,05:54
40,3,20,2,deviation,0.001,7.49443e-05,3.03828e-05,0.00186753,0.00200446,0.0164067,00:10
40,3,20,1,deviation,0.001,7.49443e-05,3.03828e-05,0.00186753,0.00200446,0.0164067,00:10
40,5,20,0,deviation,0.001,7.49443e-05,3.03828e-05,0.00186753,0.00200446,0.0164067,00:11
40,0,20,2,deviation,0.001,7.49443e-05,3.03828e-05,0.00186753,0.00200446,0.0164067,00:11
40,0,20,1,deviation,0.001,7.49443e-05,3.03828e-05,0.00186753,0.00200446,0.0164067,00:11
40,0,20,0,deviation,0.001,7.49443e-05,3.03828e-05,0.00186753,0.00200446,0.0164067,00:11
40,3,20,0,deviation,0.001,7.49443e-05,3.03828e-05,0.00186753,0.00200446,0.0164067,00:10
40,5,20,1,deviation,0.001,7.49443e-05,3.03828e-05,0.00186753,0.00200446,0.0164067,00:10
40,5,20,2,deviation,0.001,7.49443e-05,3.03828e-05,0.00186753,0.00200446,0.0164067,00:10
40,5,10,0,absolute,0.01,7.29188e-05,8.10209e-06,0.22235,0.000204026,41.2046,24:35
40,0,10,0,absolute,0.01,7.29188e-05,8.10209e-06,0.22235,0.000204026,41.2048,23:09
40,5,10,1,absolute,0.01,7.29188e-05,8.10209e-06,0.22235,0.000204026,41.2046,25:05
40,0,10,1,absolute,0.01,7.29188e-05,8.10209e-06,0.22235,0.000204026,41.2048,23:11
40,3,10,1,absolute,0.01,7.29188e-05,8.10209e-06,0.222042,0.000204047,41.1153,23:59
40,3,10,0,absolute,0.01,7.29188e-05,8.10209e-06,0.222042,0.000204047,41.1153,24:14

